loading_condition,patient,tissue,pct_above
Flexion,P1,GM,0.0
Flexion,P1,WM,0.0
Flexion,P10,GM,27.115882777955225
Flexion,P10,WM,37.2568515324821
Flexion,P11,GM,18.87012975660142
Flexion,P11,WM,28.100155014781752
Flexion,P12,GM,0.0
Flexion,P12,WM,0.0
Flexion,P2,GM,0.06558597292328454
Flexion,P2,WM,4.644217869334719
Flexion,P3,GM,5.3295030180368
Flexion,P3,WM,14.554463050110222
Flexion,P4,GM,18.0304063058801
Flexion,P4,WM,28.959876401600685
Flexion,P5,GM,0.0
Flexion,P5,WM,1.6509331919482502
Flexion,P6,GM,0.0
Flexion,P6,WM,0.0
Flexion,P7,GM,0.6165266379256668
Flexion,P7,WM,8.554041934874666
Flexion,P8,GM,0.0
Flexion,P8,WM,0.0
Flexion,P9,GM,6.479120457924539
Flexion,P9,WM,20.627188673402557
Extension,P1,GM,0.0
Extension,P1,WM,0.0
Extension,P10,GM,0.0
Extension,P10,WM,0.07995707212698518
Extension,P11,GM,0.0
Extension,P11,WM,0.0
Extension,P12,GM,0.0
Extension,P12,WM,0.0
Extension,P2,GM,0.0
Extension,P2,WM,1.1763757959608947
Extension,P3,GM,0.0
Extension,P3,WM,0.06376735179889158
Extension,P4,GM,0.0
Extension,P4,WM,0.0
Extension,P5,GM,0.0
Extension,P5,WM,1.6509331919482502
Extension,P6,GM,0.13461885582964
Extension,P6,WM,0.757137008821981
Extension,P7,GM,0.0
Extension,P7,WM,0.0
Extension,P8,GM,0.06912140405312325
Extension,P8,WM,2.992885368533233
Extension,P9,GM,0.07135557944659571
Extension,P9,WM,0.9475379372506043
