participant,loading_condition,state,peak_ivd_mps
P1,Extension,PostOp,0.00163874
P1,Extension,PreOp-NoPreload,0.2748287
P1,Flexion,PostOp,0.004204496
P1,Flexion,PreOp-NoPreload,0.3944443
P2,Extension,PostOp,0.4182919
P2,Extension,PreOp-NoPreload,0.6124495
P2,Flexion,PostOp,0.7138678
P2,Flexion,PreOp-NoPreload,0.9650519
P3,Extension,PostOp,0.6638278
P3,Extension,PreOp-NoPreload,0.5806769
P3,Flexion,PostOp,0.7102333
P3,Flexion,PreOp-NoPreload,0.6682864
P4,Extension,PostOp,0.3657626
P4,Extension,PreOp-NoPreload,0.3124422
P4,Flexion,PostOp,0.5547488
P4,Flexion,PreOp-NoPreload,0.6098746
P5,Extension,PostOp,0.4549129
P5,Extension,PreOp-NoPreload,0.7309993
P5,Flexion,PostOp,0.4549129
P5,Flexion,PreOp-NoPreload,0.4358597
P6,Extension,PostOp,0.2756609
P6,Extension,PreOp-NoPreload,1.135583
P6,Flexion,PostOp,0.5084838
P6,Flexion,PreOp-NoPreload,1.755064
P7,Extension,PostOp,0.2554926
P7,Extension,PreOp-NoPreload,0.3652879
P7,Flexion,PostOp,0.2554926
P7,Flexion,PreOp-NoPreload,0.2554926
P8,Extension,PostOp,0.3417411
P8,Extension,PreOp-NoPreload,0.8876253
P8,Flexion,PostOp,0.4718584
P8,Flexion,PreOp-NoPreload,0.9022557
P9,Extension,PostOp,0.3104894
P9,Extension,PreOp-NoPreload,0.3667817
P9,Flexion,PostOp,0.4855695
P9,Flexion,PreOp-NoPreload,0.4788648
P10,Extension,PostOp,0.3119751
P10,Extension,PreOp-NoPreload,0.340924
P10,Flexion,PostOp,0.2550984
P10,Flexion,PreOp-NoPreload,0.3561108
P11,Extension,PostOp,0.3601078
P11,Extension,PreOp-NoPreload,0.2272832
P11,Flexion,PostOp,0.3601078
P11,Flexion,PreOp-NoPreload,0.3721501
P12,Extension,PostOp,0.2910532
P12,Extension,PreOp-NoPreload,0.4559922
P12,Flexion,PostOp,0.5307394
P12,Flexion,PreOp-NoPreload,0.9317437
