participant,loading_condition,pct_above_t95
P1,Extension,0.0
P1,Flexion,1.7124820384782813
P2,Extension,7.438919322058047
P2,Flexion,7.85108218332756
P3,Extension,0.0
P3,Flexion,0.05739612959630932
P4,Extension,1.5110555685807672
P4,Flexion,2.630778645223137
P5,Extension,2.3158979816067666
P5,Flexion,2.495106107725887
P6,Extension,0.37733657824571154
P6,Flexion,0.7282502083973338
P7,Extension,12.131551737431698
P7,Flexion,13.29637533296047
P8,Extension,29.74207552024807
P8,Flexion,29.92585228425211
P9,Extension,0.2449080995544152
P9,Flexion,1.0523539584156016
