participant,threshold,pct_above_cumulative,pct_above_at_peak,at_peak_frame_index,at_peak_frame_value,gap_cumulative_minus_at_peak
P1,t0p10,10.751133997990069,10.22758710527362,9.0,0.155,0.5235468927164479
P1,t0p15,0.6841707331329072,0.6717656691757299,8.0,0.135,0.012405063957177331
P2,t0p10,12.419586569464162,12.259086543098778,8.0,0.135,0.16050002636538352
P2,t0p15,9.612826219056434,9.572865422541886,5.0,0.075,0.039960796514547425
P3,t0p10,5.766343072583157,4.764880337937372,0.0,0.0,1.0014627346457852
P3,t0p15,0.0013509843392321,0.001330208515869,4.0,0.055,2.0775823363100143e-05
P4,t0p10,26.318481289077702,25.66879630182013,6.0,0.095,0.6496849872575723
P4,t0p15,8.986966970697292,7.501363402328788,6.0,0.095,1.4856035683685045
P5,t0p10,10.819830959018134,10.687408868082516,0.0,0.0,0.1324220909356182
P5,t0p15,6.644922443555524,6.4980619726695,0.0,0.0,0.14686047088602372
P6,t0p10,9.529983926491346,9.401029245941372,9.0,0.155,0.12895468054997394
P6,t0p15,1.2128990670918771,1.1054551339244412,8.0,0.135,0.10744393316743595
P7,t0p10,27.57572792326832,26.96893800697504,7.0,0.115,0.6067899162932804
P7,t0p15,18.736331466458807,18.32682465724231,11.0,0.195,0.4095068092164986
P8,t0p10,48.98689893223742,48.43317812369028,5.0,0.075,0.5537208085471406
P8,t0p15,35.912676563351326,35.58601882324375,3.0,0.035,0.32665774010757787
P9,t0p10,0.6765299367047157,0.5837670513852831,5.0,0.075,0.09276288531943266
P9,t0p15,0.0,0.0,0.0,0.0,0.0
P10,t0p10,4.508272806668508,4.460125180218651,1.0,0.01,0.048147626449856595
P10,t0p15,0.5872183166527618,0.4184919413091748,0.0,0.0,0.16872637534358703
P11,t0p10,2.832985300275756,2.304770152400523,1.0,0.01,0.5282151478752333
P11,t0p15,0.0,0.0,0.0,0.0,0.0
P12,t0p10,17.925392950721722,17.465352704463342,0.0,0.0,0.46004024625838014
P12,t0p15,8.430121096973751,8.249714431747465,0.0,0.0,0.18040666522628612
