participant,loading_condition,threshold,tissue,region,pct_above
P1,Extension,t0p10,GM,Interior,0.0
P1,Extension,t0p15,GM,Interior,0.0
P1,Extension,t0p10,GM,Boundary,0.0
P1,Extension,t0p15,GM,Boundary,0.0
P1,Extension,t0p10,WM,Interior,0.0
P1,Extension,t0p15,WM,Interior,0.0
P1,Extension,t0p10,WM,Boundary,0.0
P1,Extension,t0p15,WM,Boundary,0.0
P1,Flexion,t0p10,GM,Interior,0.0
P1,Flexion,t0p15,GM,Interior,0.0
P1,Flexion,t0p10,GM,Boundary,0.0
P1,Flexion,t0p15,GM,Boundary,0.0
P1,Flexion,t0p10,WM,Interior,2.289547514356268
P1,Flexion,t0p15,WM,Interior,0.40135663022580426
P1,Flexion,t0p10,WM,Boundary,4.244738619633975
P1,Flexion,t0p15,WM,Boundary,0.0690828355591692
P10,Extension,t0p10,GM,Interior,0.0
P10,Extension,t0p15,GM,Interior,0.0
P10,Extension,t0p10,GM,Boundary,0.0
P10,Extension,t0p15,GM,Boundary,0.0
P10,Extension,t0p10,WM,Interior,0.3636134614031184
P10,Extension,t0p15,WM,Interior,0.09941133306989099
P10,Extension,t0p10,WM,Boundary,0.08710425958257052
P10,Extension,t0p15,WM,Boundary,0.0029803553972499093
P10,Flexion,t0p10,GM,Interior,0.0
P10,Flexion,t0p15,GM,Interior,0.0
P10,Flexion,t0p10,GM,Boundary,0.0
P10,Flexion,t0p15,GM,Boundary,0.0
P10,Flexion,t0p10,WM,Interior,1.5911171033448148
P10,Flexion,t0p15,WM,Interior,0.03472893155163337
P10,Flexion,t0p10,WM,Boundary,0.66349039064332
P10,Flexion,t0p15,WM,Boundary,0.0
P11,Extension,t0p10,GM,Interior,0.0
P11,Extension,t0p15,GM,Interior,0.0
P11,Extension,t0p10,GM,Boundary,0.0
P11,Extension,t0p15,GM,Boundary,0.0
P11,Extension,t0p10,WM,Interior,0.0
P11,Extension,t0p15,WM,Interior,0.0
P11,Extension,t0p10,WM,Boundary,0.0
P11,Extension,t0p15,WM,Boundary,0.0
P11,Flexion,t0p10,GM,Interior,0.0
P11,Flexion,t0p15,GM,Interior,0.0
P11,Flexion,t0p10,GM,Boundary,0.0
P11,Flexion,t0p15,GM,Boundary,0.0
P11,Flexion,t0p10,WM,Interior,1.167092752946575
P11,Flexion,t0p15,WM,Interior,0.0
P11,Flexion,t0p10,WM,Boundary,0.7293715446074852
P11,Flexion,t0p15,WM,Boundary,0.0
P12,Extension,t0p10,GM,Interior,0.0
P12,Extension,t0p15,GM,Interior,0.0
P12,Extension,t0p10,GM,Boundary,0.0
P12,Extension,t0p15,GM,Boundary,0.0
P12,Extension,t0p10,WM,Interior,0.23859074879617448
P12,Extension,t0p15,WM,Interior,0.016829841902444097
P12,Extension,t0p10,WM,Boundary,0.01845746852945469
P12,Extension,t0p15,WM,Boundary,0.0
P12,Flexion,t0p10,GM,Interior,0.0
P12,Flexion,t0p15,GM,Interior,0.0
P12,Flexion,t0p10,GM,Boundary,0.0
P12,Flexion,t0p15,GM,Boundary,0.0
P12,Flexion,t0p10,WM,Interior,0.3609318468381205
P12,Flexion,t0p15,WM,Interior,0.0
P12,Flexion,t0p10,WM,Boundary,0.0
P12,Flexion,t0p15,WM,Boundary,0.0
P2,Extension,t0p10,GM,Interior,0.0
P2,Extension,t0p15,GM,Interior,0.0
P2,Extension,t0p10,GM,Boundary,0.0
P2,Extension,t0p15,GM,Boundary,0.0
P2,Extension,t0p10,WM,Interior,0.026661733886448945
P2,Extension,t0p15,WM,Interior,0.0
P2,Extension,t0p10,WM,Boundary,0.0
P2,Extension,t0p15,WM,Boundary,0.0
P2,Flexion,t0p10,GM,Interior,0.0
P2,Flexion,t0p15,GM,Interior,0.0
P2,Flexion,t0p10,GM,Boundary,0.08565510004613933
P2,Flexion,t0p15,GM,Boundary,0.0
P2,Flexion,t0p10,WM,Interior,3.692743564970409
P2,Flexion,t0p15,WM,Interior,1.2985467683307765
P2,Flexion,t0p10,WM,Boundary,5.81906614948465
P2,Flexion,t0p15,WM,Boundary,0.7821748135483685
P3,Extension,t0p10,GM,Interior,0.0
P3,Extension,t0p15,GM,Interior,0.0
P3,Extension,t0p10,GM,Boundary,0.0
P3,Extension,t0p15,GM,Boundary,0.0
P3,Extension,t0p10,WM,Interior,0.0
P3,Extension,t0p15,WM,Interior,0.0
P3,Extension,t0p10,WM,Boundary,0.0
P3,Extension,t0p15,WM,Boundary,0.0
P3,Flexion,t0p10,GM,Interior,0.0
P3,Flexion,t0p15,GM,Interior,0.0
P3,Flexion,t0p10,GM,Boundary,0.0
P3,Flexion,t0p15,GM,Boundary,0.0
P3,Flexion,t0p10,WM,Interior,0.2583054312535238
P3,Flexion,t0p15,WM,Interior,0.0
P3,Flexion,t0p10,WM,Boundary,0.0
P3,Flexion,t0p15,WM,Boundary,0.0
P4,Extension,t0p10,GM,Interior,0.0
P4,Extension,t0p15,GM,Interior,0.0
P4,Extension,t0p10,GM,Boundary,0.0
P4,Extension,t0p15,GM,Boundary,0.0
P4,Extension,t0p10,WM,Interior,0.36186057008090783
P4,Extension,t0p15,WM,Interior,0.008562923474038066
P4,Extension,t0p10,WM,Boundary,0.0
P4,Extension,t0p15,WM,Boundary,0.0
P4,Flexion,t0p10,GM,Interior,0.0
P4,Flexion,t0p15,GM,Interior,0.0
P4,Flexion,t0p10,GM,Boundary,0.0
P4,Flexion,t0p15,GM,Boundary,0.0
P4,Flexion,t0p10,WM,Interior,5.369020526516607
P4,Flexion,t0p15,WM,Interior,0.5473573730856715
P4,Flexion,t0p10,WM,Boundary,6.021450395243374
P4,Flexion,t0p15,WM,Boundary,0.0
P5,Extension,t0p10,GM,Interior,0.0
P5,Extension,t0p15,GM,Interior,0.0
P5,Extension,t0p10,GM,Boundary,0.0
P5,Extension,t0p15,GM,Boundary,0.0
P5,Extension,t0p10,WM,Interior,0.8565370304796959
P5,Extension,t0p15,WM,Interior,0.0
P5,Extension,t0p10,WM,Boundary,0.7518934133283791
P5,Extension,t0p15,WM,Boundary,0.0
P5,Flexion,t0p10,GM,Interior,0.0
P5,Flexion,t0p15,GM,Interior,0.0
P5,Flexion,t0p10,GM,Boundary,0.0
P5,Flexion,t0p15,GM,Boundary,0.0
P5,Flexion,t0p10,WM,Interior,9.999262968658687
P5,Flexion,t0p15,WM,Interior,1.439178137750497
P5,Flexion,t0p10,WM,Boundary,13.622168008654706
P5,Flexion,t0p15,WM,Boundary,2.0700648463966167
P6,Extension,t0p10,GM,Interior,0.0
P6,Extension,t0p15,GM,Interior,0.0
P6,Extension,t0p10,GM,Boundary,0.0
P6,Extension,t0p15,GM,Boundary,0.0
P6,Extension,t0p10,WM,Interior,0.8764857275250233
P6,Extension,t0p15,WM,Interior,0.06211988500041026
P6,Extension,t0p10,WM,Boundary,0.0
P6,Extension,t0p15,WM,Boundary,0.0
P6,Flexion,t0p10,GM,Interior,0.0
P6,Flexion,t0p15,GM,Interior,0.0
P6,Flexion,t0p10,GM,Boundary,0.0
P6,Flexion,t0p15,GM,Boundary,0.0
P6,Flexion,t0p10,WM,Interior,0.07630542635926553
P6,Flexion,t0p15,WM,Interior,0.0
P6,Flexion,t0p10,WM,Boundary,0.0
P6,Flexion,t0p15,WM,Boundary,0.0
P7,Extension,t0p10,GM,Interior,0.0
P7,Extension,t0p15,GM,Interior,0.0
P7,Extension,t0p10,GM,Boundary,0.0
P7,Extension,t0p15,GM,Boundary,0.0
P7,Extension,t0p10,WM,Interior,0.656960692876051
P7,Extension,t0p15,WM,Interior,0.015724653067820008
P7,Extension,t0p10,WM,Boundary,0.035297169525085145
P7,Extension,t0p15,WM,Boundary,0.0
P7,Flexion,t0p10,GM,Interior,0.0
P7,Flexion,t0p15,GM,Interior,0.0
P7,Flexion,t0p10,GM,Boundary,0.0
P7,Flexion,t0p15,GM,Boundary,0.0
P7,Flexion,t0p10,WM,Interior,1.444290732640563
P7,Flexion,t0p15,WM,Interior,0.03753227154589343
P7,Flexion,t0p10,WM,Boundary,1.0632312025026953
P7,Flexion,t0p15,WM,Boundary,0.0
P8,Extension,t0p10,GM,Interior,0.0
P8,Extension,t0p15,GM,Interior,0.0
P8,Extension,t0p10,GM,Boundary,0.0
P8,Extension,t0p15,GM,Boundary,0.0
P8,Extension,t0p10,WM,Interior,0.2840729975265876
P8,Extension,t0p15,WM,Interior,0.0
P8,Extension,t0p10,WM,Boundary,0.0
P8,Extension,t0p15,WM,Boundary,0.0
P8,Flexion,t0p10,GM,Interior,0.0
P8,Flexion,t0p15,GM,Interior,0.0
P8,Flexion,t0p10,GM,Boundary,0.0
P8,Flexion,t0p15,GM,Boundary,0.0
P8,Flexion,t0p10,WM,Interior,0.14523116056106897
P8,Flexion,t0p15,WM,Interior,0.0
P8,Flexion,t0p10,WM,Boundary,0.0
P8,Flexion,t0p15,WM,Boundary,0.0
P9,Extension,t0p10,GM,Interior,0.0
P9,Extension,t0p15,GM,Interior,0.0
P9,Extension,t0p10,GM,Boundary,0.0
P9,Extension,t0p15,GM,Boundary,0.0
P9,Extension,t0p10,WM,Interior,
P9,Extension,t0p15,WM,Interior,
P9,Extension,t0p10,WM,Boundary,0.3334805568204139
P9,Extension,t0p15,WM,Boundary,0.0
P9,Flexion,t0p10,GM,Interior,0.0
P9,Flexion,t0p15,GM,Interior,0.0
P9,Flexion,t0p10,GM,Boundary,0.0
P9,Flexion,t0p15,GM,Boundary,0.0
P9,Flexion,t0p10,WM,Interior,
P9,Flexion,t0p15,WM,Interior,
P9,Flexion,t0p10,WM,Boundary,4.645959102371302
P9,Flexion,t0p15,WM,Boundary,0.40665252939420526
