participant,loading_condition,threshold,region,pct_above
P1,Extension,t0p10,Boundary,10.141211039169615
P1,Extension,t0p15,Boundary,0.0
P1,Extension,t0p10,Interior,9.575782527719126
P1,Extension,t0p15,Interior,0.07018120892299982
P1,Flexion,t0p10,Boundary,19.477516903414564
P1,Flexion,t0p15,Boundary,6.287960527239594
P1,Flexion,t0p10,Interior,16.90001363816464
P1,Flexion,t0p15,Interior,4.005595276467937
P10,Extension,t0p10,Boundary,4.272730979630555
P10,Extension,t0p15,Boundary,0.46104929120896826
P10,Extension,t0p10,Interior,4.881479568722523
P10,Extension,t0p15,Interior,0.7229827181242535
P10,Flexion,t0p10,Boundary,6.564992413866916
P10,Flexion,t0p15,Boundary,2.48506026567661
P10,Flexion,t0p10,Interior,6.719433260131057
P10,Flexion,t0p15,Interior,2.9053703329186877
P11,Extension,t0p10,Boundary,3.1142180741199006
P11,Extension,t0p15,Boundary,0.0
P11,Extension,t0p10,Interior,2.5923906014101523
P11,Extension,t0p15,Interior,0.0
P11,Flexion,t0p10,Boundary,6.100748163774446
P11,Flexion,t0p15,Boundary,0.5716148210486193
P11,Flexion,t0p10,Interior,5.2253583284796505
P11,Flexion,t0p15,Interior,0.41551479861200813
P12,Extension,t0p10,Boundary,18.17461881473726
P12,Extension,t0p15,Boundary,8.814793507686945
P12,Extension,t0p10,Interior,18.659688415464522
P12,Extension,t0p15,Interior,8.669978787919879
P12,Flexion,t0p10,Boundary,18.251809697594965
P12,Flexion,t0p15,Boundary,9.100677462001915
P12,Flexion,t0p10,Interior,18.66259755436851
P12,Flexion,t0p15,Interior,8.916732594738564
P2,Extension,t0p10,Boundary,16.255683052667536
P2,Extension,t0p15,Boundary,11.556082081475077
P2,Extension,t0p10,Interior,12.464896795782247
P2,Extension,t0p15,Interior,8.80479649828133
P2,Flexion,t0p10,Boundary,21.256496054524522
P2,Flexion,t0p15,Boundary,13.162883262502008
P2,Flexion,t0p10,Interior,15.545067962204252
P2,Flexion,t0p15,Interior,9.989168027121094
P3,Extension,t0p10,Boundary,5.977354309756831
P3,Extension,t0p15,Boundary,0.0
P3,Extension,t0p10,Interior,5.555509644492307
P3,Extension,t0p15,Interior,0.04565622390054398
P3,Flexion,t0p10,Boundary,7.542336709140265
P3,Flexion,t0p15,Boundary,0.14146222100965428
P3,Flexion,t0p10,Interior,6.989380852110293
P3,Flexion,t0p15,Interior,0.4729052454946193
P4,Extension,t0p10,Boundary,25.113626251561953
P4,Extension,t0p15,Boundary,6.828733350344423
P4,Extension,t0p10,Interior,26.350938492377
P4,Extension,t0p15,Interior,8.297111267690648
P4,Flexion,t0p10,Boundary,30.49968314706548
P4,Flexion,t0p15,Boundary,10.409863126200404
P4,Flexion,t0p10,Interior,30.0135914314322
P4,Flexion,t0p15,Interior,10.75625446871074
P5,Extension,t0p10,Boundary,13.550831857383812
P5,Extension,t0p15,Boundary,7.221990636032679
P5,Extension,t0p10,Interior,13.121447919215761
P5,Extension,t0p15,Interior,7.112178060726802
P5,Flexion,t0p10,Boundary,24.171116406369144
P5,Flexion,t0p15,Boundary,11.953733632194309
P5,Flexion,t0p10,Interior,22.592213363629003
P5,Flexion,t0p15,Interior,10.003922963815379
P6,Extension,t0p10,Boundary,12.157206418558806
P6,Extension,t0p15,Boundary,1.3106052001931305
P6,Extension,t0p10,Interior,12.014234807060454
P6,Extension,t0p15,Interior,2.9319127532787217
P6,Flexion,t0p10,Boundary,11.266034064704046
P6,Flexion,t0p15,Boundary,3.7134604437310554
P6,Flexion,t0p10,Interior,11.275847669038312
P6,Flexion,t0p15,Interior,3.912140956356908
P7,Extension,t0p10,Boundary,28.663962091259467
P7,Extension,t0p15,Boundary,19.88436850188109
P7,Extension,t0p10,Interior,27.543626082974814
P7,Extension,t0p15,Interior,18.21681804720716
P7,Flexion,t0p10,Boundary,29.0594219561259
P7,Flexion,t0p15,Boundary,20.18145506752931
P7,Flexion,t0p10,Interior,28.26773964730066
P7,Flexion,t0p15,Interior,19.307428896340433
P8,Extension,t0p10,Boundary,47.26250297231861
P8,Extension,t0p15,Boundary,35.53936504183705
P8,Extension,t0p10,Interior,47.299965815502446
P8,Extension,t0p15,Interior,35.7162506867007
P8,Flexion,t0p10,Boundary,47.84427183009472
P8,Flexion,t0p15,Boundary,35.85928667826859
P8,Flexion,t0p10,Interior,47.81875784084606
P8,Flexion,t0p15,Interior,35.837724386184384
P9,Extension,t0p10,Boundary,5.514850546607111
P9,Extension,t0p15,Boundary,0.955681973949074
P9,Extension,t0p10,Interior,0.6478864757789617
P9,Extension,t0p15,Interior,0.0
P9,Flexion,t0p10,Boundary,13.301910914027305
P9,Flexion,t0p15,Boundary,2.94810029205936
P9,Flexion,t0p10,Interior,3.690318352660249
P9,Flexion,t0p15,Interior,0.0006817558199982503
