participant,threshold,pct_above_baseline,pct_above_at_peak,delta_at_peak_minus_baseline
P1,t0p10,9.57272695105277,10.227587105273619,0.6548601542208488
P1,t0p15,0.0,0.6717656691757299,0.6717656691757299
P2,t0p10,12.253209324182393,12.259086543098778,0.005877218916385374
P2,t0p15,9.496175810511936,9.572865422541886,0.07668961202995028
P3,t0p10,4.764880337937372,4.764880337937372,0.0
P3,t0p15,0.0,0.0013302085158690788,0.0013302085158690788
P4,t0p10,24.99251483578133,25.66879630182013,0.6762814660388017
P4,t0p15,6.496373390196973,7.5013634023287885,1.0049900121318158
P5,t0p10,10.687408868082517,10.687408868082517,0.0
P5,t0p15,6.4980619726695,6.4980619726695,0.0
P6,t0p10,9.104246139171318,9.401029245941372,0.2967831067700537
P6,t0p15,0.318122276314001,1.1054551339244412,0.7873328576104401
P7,t0p10,26.90151057176651,26.968938006975037,0.06742743520852557
P7,t0p15,18.2816537795285,18.32682465724231,0.04517087771380801
P8,t0p10,46.769673305004744,48.433178123690276,1.6635048186855315
P8,t0p15,35.52291967992797,35.58601882324375,0.0630991433157746
P9,t0p10,0.526946721037155,0.5837670513852831,0.056820330348128056
P9,t0p15,0.0,0.0,0.0
P10,t0p10,4.450077210526164,4.460125180218651,0.010047969692487335
P10,t0p15,0.41849194130917483,0.41849194130917483,0.0
P11,t0p10,2.2951067367749194,2.304770152400523,0.009663415625603466
P11,t0p15,0.0,0.0,0.0
P12,t0p10,17.465352704463342,17.465352704463342,0.0
P12,t0p15,8.249714431747465,8.249714431747465,0.0
