participant,loading_condition,threshold,n_elements,volume,r
P2,Flexion,t0p05,75,32.3475923,1.9765954158824088
P2,Flexion,t0p05,36,7.1493754,1.195069503936241
P2,Extension,t0p05,3,1.4632869,0.7042825993329527
P2,Extension,t0p05,9,4.041009,0.9880988703743672
P3,Flexion,t0p05,211,79.9194376,2.6721116669537723
P3,Flexion,t0p05,1,0.5582154,0.5107845292239199
P3,Flexion,t0p05,70,23.8970534,1.7868382813166734
P3,Flexion,t0p05,4,1.9293621,0.772280456441119
P4,Flexion,t0p05,6527,541.66334366,5.056852416475315
P4,Flexion,t0p05,13547,1936.3575225,7.732127009865789
P4,Flexion,t0p05,82,18.335456275,1.6358156952607057
P4,Flexion,t0p05,1,0.1094417,0.29673224366144335
P4,Extension,t0p05,12214,1605.021544512,7.263245979393889
P4,Extension,t0p05,6452,536.47611649,5.040658332964097
P4,Extension,t0p05,4,1.0370343,0.627915934036767
P5,Flexion,t0p05,10936,1230.98876756,6.648471737843145
P5,Flexion,t0p05,38,6.6521764,1.166697809902069
P5,Flexion,t0p05,10,2.7859522,0.8728943527675965
P5,Flexion,t0p05,2,0.9470516,0.6092025010063115
P5,Flexion,t0p05,2,0.4291004,0.4679040130749888
P5,Flexion,t0p05,1,0.311289,0.4204280869918245
P5,Extension,t0p05,4365,366.69615475,4.440234588115921
P5,Extension,t0p05,4199,433.82936807,4.6961660688126745
P6,Flexion,t0p05,63,15.036113,1.5311426614715382
P6,Extension,t0p05,550,177.34964059,3.4853567239454057
P6,Extension,t0p05,10,4.8968454,1.0534386813369656
P7,Flexion,t0p05,617,120.5710347,3.0646775915896316
P7,Flexion,t0p05,6,0.43954171,0.47166881296820407
P7,Flexion,t0p05,3,1.3193597000000001,0.680390438232147
P7,Flexion,t0p05,2,0.7745218,0.5697027890408913
P7,Flexion,t0p05,14,3.0612689,0.9007500399255508
P7,Flexion,t0p05,2,0.5434833,0.5062509658785203
P7,Flexion,t0p05,1,0.2440381,0.387664775989395
P7,Flexion,t0p05,3,0.9089470000000001,0.600919988728237
P7,Flexion,t0p05,1,0.2956305,0.413256991324008
P7,Flexion,t0p05,6,1.7233197,0.743747891933235
P7,Flexion,t0p05,7,3.616133,0.9521789919037594
P7,Flexion,t0p05,1,0.2723133,0.4020932179206681
P7,Flexion,t0p05,5,1.1242118,0.6450397968981457
P7,Extension,t0p05,617,120.5710347,3.0646775915896316
P7,Extension,t0p05,6,0.43954171,0.47166881296820407
P7,Extension,t0p05,3,1.3193597000000001,0.680390438232147
P7,Extension,t0p05,2,0.7745218,0.5697027890408913
P7,Extension,t0p05,14,3.0612689,0.9007500399255508
P7,Extension,t0p05,2,0.5434833,0.5062509658785203
P7,Extension,t0p05,1,0.2440381,0.387664775989395
P7,Extension,t0p05,3,0.9089470000000001,0.600919988728237
P7,Extension,t0p05,1,0.2956305,0.413256991324008
P7,Extension,t0p05,6,1.7233197,0.743747891933235
P7,Extension,t0p05,7,3.616133,0.9521789919037594
P7,Extension,t0p05,1,0.2723133,0.4020932179206681
P7,Extension,t0p05,5,1.1242118,0.6450397968981457
P8,Extension,t0p05,64,25.6431176,1.8293384873999996
P8,Extension,t0p05,2,0.4866438,0.4879487335322484
P9,Flexion,t0p05,138,190.8005628,3.5713330047971246
P9,Flexion,t0p05,10,10.1829204,1.3446045603304946
P9,Flexion,t0p05,1,1.510561,0.7117867284762845
P9,Extension,t0p05,12,15.9392199,1.5612033852661285
P2,Flexion,t0p10,20,4.1969683,1.0006503690675395
P2,Flexion,t0p10,1,0.5000723,0.4923962421325671
P2,Flexion,t0p10,2,0.903226,0.5996565849102943
P2,Flexion,t0p10,1,0.4320745,0.46898254123773253
P3,Flexion,t0p10,31,11.584728,1.403672346445163
P3,Flexion,t0p10,24,9.9566657,1.3345712724699699
P3,Flexion,t0p10,1,0.4412477,0.4722782534040624
P3,Flexion,t0p10,2,0.7115777,0.5538318231710657
P4,Flexion,t0p10,8558,1257.420792938,6.695720904046656
P4,Flexion,t0p10,3970,349.55325732,4.369934371687925
P4,Flexion,t0p10,2,0.5201759,0.49890808202398795
P4,Flexion,t0p10,1,0.1327568,0.3164628406322018
P4,Extension,t0p10,3516,534.708845049,5.035117228052151
P4,Extension,t0p10,3891,342.55900897,4.340591624545936
P4,Extension,t0p10,4070,504.870639194,4.93966126683665
P4,Extension,t0p10,1,0.04052052,0.213073186235544
P5,Flexion,t0p10,6114,641.44348523,5.350034670432686
P5,Flexion,t0p10,1,0.1600137,0.3367876721249253
P5,Flexion,t0p10,14,2.478333,0.8395057662199833
P5,Extension,t0p10,3206,256.63190453,3.942218387091612
P5,Extension,t0p10,1154,108.41078217,2.9579758425119658
P6,Flexion,t0p10,31,7.0809916,1.1912470092260126
P6,Extension,t0p10,179,72.9126483,2.5916205868367346
P6,Extension,t0p10,2,0.7170111,0.5552378832799254
P7,Flexion,t0p10,2,0.21986015999999997,0.37441448628287993
P7,Flexion,t0p10,8,1.1610324,0.6520064770367656
P7,Flexion,t0p10,104,26.4428383,1.848161078685191
P7,Flexion,t0p10,4,0.6250237000000001,0.5303989130463104
P7,Extension,t0p10,2,0.21986015999999997,0.37441448628287993
P7,Extension,t0p10,8,1.1610324,0.6520064770367656
P7,Extension,t0p10,104,26.4428383,1.848161078685191
P7,Extension,t0p10,4,0.6250237000000001,0.5303989130463104
P8,Extension,t0p10,3,1.0750879,0.635504243551737
P8,Extension,t0p10,3,1.6914616,0.7391362652031005
P9,Flexion,t0p10,13,15.625491,1.5508924719898647
P9,Flexion,t0p10,1,1.128313,0.6458232278044899
P9,Flexion,t0p10,10,15.04751,1.531529419799534
P9,Flexion,t0p10,3,4.570862,1.029524058942945
P9,Flexion,t0p10,4,5.736007,1.1104704878555705
P9,Flexion,t0p10,1,1.499575,0.7100569687017035
P9,Extension,t0p10,1,1.07459,0.6354061224516269
P2,Flexion,t0p15,1,0.2530095,0.39235820561161483
P2,Flexion,t0p15,2,0.3227453,0.4255237184407611
P3,Flexion,t0p15,8,3.1327043,0.9077026387428445
P3,Flexion,t0p15,2,0.8271699,0.5823293832910315
P4,Flexion,t0p15,881,174.78937387,3.4685035162808386
P4,Flexion,t0p15,261,30.59389205,1.9402098581093887
P4,Flexion,t0p15,2219,300.926031659,4.157099150399119
P4,Flexion,t0p15,363,52.0007977,2.315476968400402
P4,Flexion,t0p15,11,4.221044,1.0025601156853738
P4,Flexion,t0p15,1,0.0673274,0.25236807288946306
P4,Flexion,t0p15,20,4.3869242,1.0155247376431322
P4,Extension,t0p15,340,80.67522976,2.680508572919862
P4,Extension,t0p15,207,25.4199688,1.8240166623908527
P4,Extension,t0p15,1963,270.298902353,4.010992878826143
P4,Extension,t0p15,246,38.84468096,2.1009432256710414
P4,Extension,t0p15,3,0.44203943,0.47256055398396246
P4,Extension,t0p15,4,0.554158,0.5095439694232586
P5,Flexion,t0p15,2473,199.78333716,3.626521178065001
P5,Flexion,t0p15,33,13.1645974,1.4647819879332826
P5,Flexion,t0p15,19,4.0450655,0.9884293887027524
P5,Flexion,t0p15,1,0.05016907,0.22879637907769773
P5,Flexion,t0p15,20,1.002637,0.6208953003736315
P5,Flexion,t0p15,2,0.16202488,0.33819280700854637
P5,Flexion,t0p15,8,0.9050024,0.6000494479664257
P5,Flexion,t0p15,6,1.0329014,0.627080677556309
P5,Flexion,t0p15,2,1.332529,0.6826467391426163
P5,Extension,t0p15,2045,156.19715139,3.340884795257121
P5,Extension,t0p15,23,0.52248044,0.4996437689821887
P5,Extension,t0p15,10,0.49891584,0.49201637967405565
P5,Extension,t0p15,2,0.361508,0.44191943439698506
P5,Extension,t0p15,1,0.1857829,0.3539748253545193
P6,Flexion,t0p15,21,4.9308034,1.0558681568049733
P6,Extension,t0p15,9,3.2861655,0.9222888130154363
P6,Extension,t0p15,11,5.5421676,1.0978180033618619
P6,Extension,t0p15,1,0.6252761,0.5304702994963119
P7,Flexion,t0p15,2,0.5692431,0.514126183117738
P7,Extension,t0p15,2,0.5692431,0.514126183117738
P9,Flexion,t0p15,4,4.532401,1.0266283172436121
P4,Flexion,t0p20,224,44.77445044,2.2028278145921134
P4,Flexion,t0p20,163,34.47488999,2.0190082485558887
P4,Flexion,t0p20,16,1.7610026,0.749129896361178
P4,Flexion,t0p20,1,0.2372489,0.3840359367752036
P4,Flexion,t0p20,31,10.709995,1.3674146220566203
P4,Flexion,t0p20,1,0.2072685,0.36712579364091863
P4,Flexion,t0p20,6,2.0311673,0.7856317545794542
P4,Flexion,t0p20,20,4.0045943,0.9851218954281318
P4,Flexion,t0p20,1,0.2215519,0.3753723591590225
P4,Extension,t0p20,47,14.4302688,1.510295530726477
P4,Extension,t0p20,100,18.92222731,1.65308257734309
P4,Extension,t0p20,5,1.1640214,0.6525655132173924
P4,Extension,t0p20,58,19.4503537,1.6683210568868738
P4,Extension,t0p20,9,1.02737093,0.6259594801793489
P4,Extension,t0p20,1,0.2372489,0.3840359367752036
P4,Extension,t0p20,2,0.411089,0.4612634917082768
P4,Extension,t0p20,2,1.0555827,0.6316374693560441
P5,Flexion,t0p20,874,58.89374448,2.4135715955992754
P5,Flexion,t0p20,2,0.09641084999999999,0.2844542547612821
P5,Extension,t0p20,786,53.13800815,2.3322345276619365
P6,Flexion,t0p20,13,3.1218508,0.906653156784939
P6,Extension,t0p20,2,0.8985753,0.5986256051564518
P6,Extension,t0p20,1,0.6124054,0.5268052981537255
