participant,loading_condition,state,pct_above_t0p10,pct_above_t0p15
P1,Extension,PreOp,9.844075027455935,0.0368806384791771
P1,Extension,PreOp-NoPreload,0.0,0.0
P1,Flexion,PreOp,18.12302376253868,5.088564150589834
P1,Flexion,PreOp-NoPreload,2.00658622006363,0.15135528850601151
P2,Extension,PreOp,13.88716917575433,9.837056623020478
P2,Extension,PreOp-NoPreload,0.012056551872295531,0.0
P2,Flexion,PreOp,17.687949643055923,11.179920344791393
P2,Flexion,PreOp-NoPreload,3.2025265579626563,0.791959951690898
P3,Extension,PreOp,5.684595457000873,0.03168527382445597
P3,Extension,PreOp-NoPreload,0.0,0.0
P3,Flexion,PreOp,7.158587107311661,0.3714826232857798
P3,Flexion,PreOp-NoPreload,0.1238983969273646,0.0
P4,Extension,PreOp,25.942535814055375,7.812440176230745
P4,Extension,PreOp-NoPreload,0.1623683348877834,0.0038422191893971998
P4,Flexion,PreOp,30.174036913199856,10.641920230866734
P4,Flexion,PreOp-NoPreload,3.5662976008706453,0.24560151783489595
P5,Extension,PreOp,13.32224104704982,7.163529796344241
P5,Extension,PreOp-NoPreload,0.45241922926168876,0.0
P5,Flexion,PreOp,23.33055695852712,10.915714365371718
P5,Flexion,PreOp-NoPreload,6.562058580074546,0.9733956481343742
P6,Extension,PreOp,12.04358842184652,2.5990408155264855
P6,Extension,PreOp-NoPreload,0.5348086322494505,0.037903926657623856
P6,Flexion,PreOp,11.27383283016036,3.8713497029605306
P6,Flexion,PreOp-NoPreload,0.0465595724184167,0.0
P7,Extension,PreOp,27.91301290766952,18.76662735701711
P7,Extension,PreOp-NoPreload,0.3459697291305037,0.008104255452786894
P7,Flexion,PreOp,28.52876581450533,19.595604720100532
P7,Flexion,PreOp-NoPreload,0.9667237374649977,0.01934358201859229
P8,Extension,PreOp,47.28332079366257,35.6376590697359
P8,Extension,PreOp-NoPreload,0.12195944802456468,0.0
P8,Flexion,PreOp,47.83009389738034,35.84730467406852
P8,Flexion,PreOp-NoPreload,0.06235127003346078,0.0
P9,Extension,PreOp,4.624343440052819,0.7808211003074337
P9,Extension,PreOp-NoPreload,0.23591972876445882,0.0
P9,Flexion,PreOp,11.543280409129142,2.4088119155038306
P9,Flexion,PreOp-NoPreload,3.286768565258406,0.2876850013409515
P10,Extension,PreOp,4.697466587059208,0.643805284701587
P10,Extension,PreOp-NoPreload,0.19750081318995882,0.04994699179193332
P10,Flexion,PreOp,6.672748764888019,2.778318689461592
P10,Flexion,PreOp-NoPreload,0.9191102451565465,0.01724640141537711
P11,Extension,PreOp,2.8253555343928984,0.0
P11,Extension,PreOp-NoPreload,0.0,0.0
P11,Flexion,PreOp,5.616167829662548,0.48520417521134585
P11,Flexion,PreOp-NoPreload,0.6322713448699943,0.0
P12,Extension,PreOp,18.45256233778232,8.731815078734698
P12,Extension,PreOp-NoPreload,0.08494079838473259,0.0056289555250122565
P12,Flexion,PreOp,18.48718998933988,8.995277568096835
P12,Flexion,PreOp-NoPreload,0.12071826492423966,0.0
