participant,group,loading_condition,threshold,pct_above_pre,pct_above_post,delta
P1,fusion,Flexion,t0p01,46.95616190163427,0.0,-46.95616190163427
P1,fusion,Flexion,t0p015,38.651103470572735,0.0,-38.651103470572735
P1,fusion,Flexion,t0p02,31.059065770140688,0.0,-31.059065770140688
P1,fusion,Flexion,t0p025,25.36598410737452,0.0,-25.36598410737452
P1,fusion,Extension,t0p01,0.6049236088951587,0.0,-0.6049236088951587
P1,fusion,Extension,t0p015,0.5178646768939642,0.0,-0.5178646768939642
P1,fusion,Extension,t0p02,0.30465090862644495,0.0,-0.30465090862644495
P1,fusion,Extension,t0p025,0.25725594648599664,0.0,-0.25725594648599664
P2,decompression,Flexion,t0p01,29.94154992957587,4.090901589231697,-25.850648340344172
P2,decompression,Flexion,t0p015,23.229477369107098,3.0733823599935577,-20.15609500911354
P2,decompression,Flexion,t0p02,19.089214084864558,2.45312184458457,-16.63609224027999
P2,decompression,Flexion,t0p025,16.527083609773797,2.092050447233425,-14.435033162540371
P2,decompression,Extension,t0p01,2.7339505832226614,1.1345406335207107,-1.5994099497019507
P2,decompression,Extension,t0p015,2.0624346156746576,0.7727851788437691,-1.2896494368308886
P2,decompression,Extension,t0p02,1.4891555310294808,0.6395608011220595,-0.8495947299074214
P2,decompression,Extension,t0p025,1.310128238511913,0.47212645836285866,-0.8380017801490545
P3,decompression,Flexion,t0p01,16.906930176020424,17.79896132016348,0.8920311441430577
P3,decompression,Flexion,t0p015,11.293389342690052,11.550176602085196,0.2567872593951446
P3,decompression,Flexion,t0p02,7.941716951685946,8.460354530080844,0.5186375783948982
P3,decompression,Flexion,t0p025,5.596476396486398,6.2320182120413845,0.6355418155549861
P3,decompression,Extension,t0p01,0.020780446225504845,0.04300028178777142,0.022219835562266574
P3,decompression,Extension,t0p015,0.011121765664820907,0.04300028178777142,0.03187851612295051
P3,decompression,Extension,t0p02,0.011121765664820907,0.04300028178777142,0.03187851612295051
P3,decompression,Extension,t0p025,0.003926816733768327,0.04300028178777142,0.039073465054003095
P4,decompression,Flexion,t0p01,45.40424827598956,33.041627461275354,-12.362620814714205
P4,decompression,Flexion,t0p015,35.4619242069364,24.839788889793397,-10.622135317143005
P4,decompression,Flexion,t0p02,27.124735674874636,19.51903334929284,-7.605702325581795
P4,decompression,Flexion,t0p025,21.12429904912555,15.387930783255728,-5.736368265869823
P4,decompression,Extension,t0p01,16.384710129172635,0.0,-16.384710129172635
P4,decompression,Extension,t0p015,8.91005917542187,0.0,-8.91005917542187
P4,decompression,Extension,t0p02,6.283098963994005,0.0,-6.283098963994005
P4,decompression,Extension,t0p025,5.085557344603554,0.0,-5.085557344603554
P5,fusion,Flexion,t0p01,62.34852649366089,1.6344466205414163,-60.71407987311947
P5,fusion,Flexion,t0p015,53.69153272413194,1.1688270773311233,-52.522705646800816
P5,fusion,Flexion,t0p02,45.69693442509711,0.933228916622172,-44.76370550847494
P5,fusion,Flexion,t0p025,37.89183520503331,0.7526278430156754,-37.139207362017636
P5,fusion,Extension,t0p01,8.861303326600058,1.6344466205414163,-7.226856706058642
P5,fusion,Extension,t0p015,5.519875898646011,1.1688270773311233,-4.351048821314888
P5,fusion,Extension,t0p02,3.5682801514240094,0.933228916622172,-2.6350512348018373
P5,fusion,Extension,t0p025,2.561668843203831,0.7526278430156754,-1.8090410001881554
P6,decompression,Flexion,t0p01,14.09158142016735,0.0,-14.09158142016735
P6,decompression,Flexion,t0p015,9.782608219438764,0.0,-9.782608219438764
P6,decompression,Flexion,t0p02,7.134105372434899,0.0,-7.134105372434899
P6,decompression,Flexion,t0p025,5.235558684430012,0.0,-5.235558684430012
P7,fusion,Flexion,t0p01,33.056417395319805,9.607570403951133,-23.448846991368672
P7,fusion,Flexion,t0p015,25.03447006301787,5.549345426584547,-19.485124636433323
P7,fusion,Flexion,t0p02,18.706367135827566,3.6567909651742845,-15.049576170653282
P7,fusion,Flexion,t0p025,14.370616021793646,2.851619992360368,-11.518996029433278
P7,fusion,Extension,t0p01,17.749564573625964,0.0,-17.749564573625964
P7,fusion,Extension,t0p015,11.070722766173862,0.0,-11.070722766173862
P7,fusion,Extension,t0p02,8.262660332708162,0.0,-8.262660332708162
P7,fusion,Extension,t0p025,6.504386993511886,0.0,-6.504386993511886
P8,fusion,Flexion,t0p01,8.242431944810981,0.0,-8.242431944810981
P8,fusion,Flexion,t0p015,4.8214507015916865,0.0,-4.8214507015916865
P8,fusion,Flexion,t0p02,3.4020703817617552,0.0,-3.4020703817617552
P8,fusion,Flexion,t0p025,2.6407959641228307,0.0,-2.6407959641228307
P8,fusion,Extension,t0p01,8.861530551468853,2.6768649906081716,-6.184665560860681
P8,fusion,Extension,t0p015,5.962560574037061,1.9560951643666413,-4.00646540967042
P8,fusion,Extension,t0p02,4.983325572640582,1.5751577323723749,-3.4081678402682067
P8,fusion,Extension,t0p025,3.809672340211949,1.322337747732668,-2.4873345924792805
P9,decompression,Flexion,t0p01,41.59031548108097,25.132469352778674,-16.457846128302297
P9,decompression,Flexion,t0p015,33.75462388863802,16.388089353296348,-17.366534535341675
P9,decompression,Flexion,t0p02,27.629578872198536,11.385906779769808,-16.243672092428728
P9,decompression,Flexion,t0p025,22.887227585304963,8.585074706645186,-14.302152878659777
P9,decompression,Extension,t0p01,12.365346084824425,0.939162763523779,-11.426183321300647
P9,decompression,Extension,t0p015,8.551618831115968,0.6850127655672602,-7.866606065548709
P9,decompression,Extension,t0p02,5.208671322348158,0.5040416402948817,-4.704629682053276
P9,decompression,Extension,t0p025,4.20707423707203,0.4676095052754744,-3.7394647317965557
P10,decompression,Flexion,t0p01,31.16945597972523,41.13798841107805,9.968532431352816
P10,decompression,Flexion,t0p015,21.81980269639885,34.30204382922002,12.48224113282117
P10,decompression,Flexion,t0p02,15.952574872820609,27.73805463149303,11.78547975867242
P10,decompression,Flexion,t0p025,12.261117894293838,22.055840949747047,9.79472305545321
P10,decompression,Extension,t0p01,9.412610780034626,0.08732487337166371,-9.325285906662963
P10,decompression,Extension,t0p015,7.928277620486045,0.056659714806400384,-7.871617905679645
P10,decompression,Extension,t0p02,6.331661755251162,0.05207189765696395,-6.279589857594198
P10,decompression,Extension,t0p025,4.815432484108872,0.047444759684900556,-4.767987724423971
P11,decompression,Flexion,t0p01,15.304512551003228,31.195745990842337,15.891233439839109
P11,decompression,Flexion,t0p015,10.155282481837956,25.314321890130017,15.159039408292061
P11,decompression,Flexion,t0p02,7.075053665747466,20.92320931596561,13.848155650218146
P11,decompression,Flexion,t0p025,4.781228822124693,17.477981857838785,12.696753035714092
P11,decompression,Extension,t0p01,0.01934812485297766,0.0,-0.01934812485297766
P11,decompression,Extension,t0p015,0.01934812485297766,0.0,-0.01934812485297766
P11,decompression,Extension,t0p02,0.0045393707039005325,0.0,-0.0045393707039005325
P11,decompression,Extension,t0p025,0.0,0.0,0.0
P12,decompression,Flexion,t0p01,4.04366445783045,0.0,-4.04366445783045
P12,decompression,Flexion,t0p015,3.038401169416675,0.0,-3.038401169416675
P12,decompression,Flexion,t0p02,2.4415483564071705,0.0,-2.4415483564071705
P12,decompression,Flexion,t0p025,2.0813006363028883,0.0,-2.0813006363028883
P12,decompression,Extension,t0p01,2.2683444702291298,0.0,-2.2683444702291298
P12,decompression,Extension,t0p015,1.6775682735040347,0.0,-1.6775682735040347
P12,decompression,Extension,t0p02,1.3175703657440032,0.0,-1.3175703657440032
P12,decompression,Extension,t0p025,1.0006486094325007,0.0,-1.0006486094325007
