participant,loading_condition,state,threshold,n_elements,volume,r
P1,Extension,preop-nopreload,t0p01,36,27.6883227,1.8767338164914105
P1,Extension,preop-nopreload,t0p01,17,5.8301594,1.1165134003622192
P1,Flexion,preop-nopreload,t0p01,5085,2601.67343357,8.532076177270762
P1,Flexion,preop-nopreload,t0p01,2,0.14148824999999998,0.32325401063862935
P2,Extension,postop,t0p01,126,51.6706614,2.310566489749935
P2,Extension,preop-nopreload,t0p01,160,69.91941229,2.5556598684502645
P2,Extension,preop-nopreload,t0p01,4,1.9187765,0.7708654725688876
P2,Extension,preop-nopreload,t0p01,31,15.7149174,1.553845488268182
P2,Extension,preop-nopreload,t0p01,4,2.3399315,0.8235782047085306
P2,Flexion,postop,t0p01,466,160.6372267,3.3722455957111457
P2,Flexion,postop,t0p01,125,25.67570436,1.8301130549552327
P2,Flexion,preop-nopreload,t0p01,3442,984.48629351,6.171257787346589
P3,Extension,postop,t0p01,4,1.6415075,0.7317871077077478
P3,Extension,preop-nopreload,t0p01,8,0.8345789699999999,0.5840628848688774
P3,Flexion,postop,t0p01,2884,656.70490877,5.392132445219484
P3,Flexion,postop,t0p01,49,22.7587432,1.758004120733199
P3,Flexion,preop-nopreload,t0p01,10195,506.845579506,4.946093834239233
P3,Flexion,preop-nopreload,t0p01,204,14.06041359,1.4972804779495796
P3,Flexion,preop-nopreload,t0p01,2421,156.938451103,3.3461616506121876
P3,Flexion,preop-nopreload,t0p01,15,0.54882724,0.5079048381074297
P3,Flexion,preop-nopreload,t0p01,9,0.41216478,0.46166550182922556
P3,Flexion,preop-nopreload,t0p01,7,0.20637223999999998,0.36659586011762957
P4,Extension,preop-nopreload,t0p01,3989,765.981362002,5.676010598350473
P4,Extension,preop-nopreload,t0p01,60,10.5273401,1.3595964275771453
P4,Extension,preop-nopreload,t0p01,2,0.01567791,0.15526248014058616
P4,Extension,preop-nopreload,t0p01,94,25.1735807,1.8181043041304434
P4,Flexion,postop,t0p01,6497,1578.75029925,7.223399124407193
P4,Flexion,postop,t0p01,71,30.3971056,1.9360409587646465
P4,Flexion,preop-nopreload,t0p01,14159,2211.226492053,8.081926066418808
P4,Flexion,preop-nopreload,t0p01,102,9.83123499,1.3289434139638248
P4,Flexion,preop-nopreload,t0p01,3,0.5226036000000001,0.499683024864563
P4,Flexion,preop-nopreload,t0p01,1,0.03317143,0.1993235108997946
P5,Extension,postop,t0p01,365,76.3083929,2.6312446649561787
P5,Extension,preop-nopreload,t0p01,1921,227.75167347000001,3.7884159448282726
P5,Extension,preop-nopreload,t0p01,620,58.01877966,2.4015593663826196
P5,Extension,preop-nopreload,t0p01,71,10.11846649,1.341761613005104
P5,Flexion,postop,t0p01,365,76.3083929,2.6312446649561787
P5,Flexion,preop-nopreload,t0p01,15688,2081.88767094,7.9211741464021355
P6,Extension,preop-nopreload,t0p01,8753,310.962715898,4.202811421294769
P6,Extension,preop-nopreload,t0p01,981,67.83808774,2.5300454870866953
P6,Flexion,preop-nopreload,t0p01,11162,417.9610074356,4.638195526316916
P6,Flexion,preop-nopreload,t0p01,38,2.48600305,0.8403709203354754
P6,Flexion,preop-nopreload,t0p01,421,16.03002516,1.5641624827583833
P7,Extension,preop-nopreload,t0p01,2726,469.732614516,4.822297896212325
P7,Extension,preop-nopreload,t0p01,119,13.46094207,1.4756916344506799
P7,Extension,preop-nopreload,t0p01,31,3.94052546,0.9798400259517578
P7,Extension,preop-nopreload,t0p01,122,35.20025871,2.0330703904912495
P7,Flexion,postop,t0p01,959,287.18236164,4.092823826819224
P7,Flexion,postop,t0p01,606,120.97639439,3.068108230786253
P7,Flexion,postop,t0p01,5,0.7327439,0.5592695840298153
P7,Flexion,preop-nopreload,t0p01,5355,878.056786456,5.9403403919007
P7,Flexion,preop-nopreload,t0p01,25,7.7004363,1.2250173540040814
P7,Flexion,preop-nopreload,t0p01,11,1.05851584,0.6322219704600207
P7,Flexion,preop-nopreload,t0p01,113,21.0358125,1.7124723208761032
P7,Flexion,preop-nopreload,t0p01,319,64.93298772,2.4934017444260514
P8,Extension,postop,t0p01,266,77.83178152,2.6486391084252676
P8,Extension,postop,t0p01,15,5.2950429,1.081252084980175
P8,Extension,postop,t0p01,19,4.750869,1.0428651357216876
P8,Extension,preop-nopreload,t0p01,107,20.100501,1.6867061339660567
P8,Extension,preop-nopreload,t0p01,345,92.76083948,2.8081826622000863
P8,Extension,preop-nopreload,t0p01,233,87.25425058,2.751477682023708
P8,Flexion,preop-nopreload,t0p01,987,186.134791369,3.541981722916805
P9,Extension,postop,t0p01,55,39.5021488,2.1127301844690543
P9,Extension,postop,t0p01,2,1.3530283,0.6861294972180473
P9,Extension,preop-nopreload,t0p01,1190,371.059260628,4.457775796190242
P9,Extension,preop-nopreload,t0p01,135,131.4805444,3.154454698081595
P9,Flexion,postop,t0p01,2128,1092.38771934,6.388948684752277
P9,Flexion,postop,t0p01,2,0.917431,0.6027838395800565
P9,Flexion,preop-nopreload,t0p01,4834,1615.336787908,7.278772710976288
P9,Flexion,preop-nopreload,t0p01,2,1.5618176,0.7197481673748473
P9,Flexion,preop-nopreload,t0p01,1,0.4370372,0.47077124925301767
P9,Flexion,preop-nopreload,t0p01,81,72.93561129,2.591892625194183
P10,Extension,postop,t0p01,19,4.600672,1.0317573091248446
P10,Extension,preop-nopreload,t0p01,4741,283.785457099,4.076622609734832
P10,Extension,preop-nopreload,t0p01,78,6.11080407,1.1341484840852278
P10,Flexion,postop,t0p01,10457,2096.207903842,7.939294554950306
P10,Flexion,postop,t0p01,276,71.1286649,2.570309072809984
P10,Flexion,preop-nopreload,t0p01,13286,959.813769878,6.119267741051593
P10,Flexion,preop-nopreload,t0p01,4,0.16523726,0.34041325203166245
P11,Extension,preop-nopreload,t0p01,4,0.6987683,0.5504884295154415
P11,Flexion,postop,t0p01,8195,1246.613779665,6.676483365265402
P11,Flexion,preop-nopreload,t0p01,3605,552.73099067,5.091062187994514
P12,Extension,preop-nopreload,t0p01,364,58.6222137,2.409856607115339
P12,Extension,preop-nopreload,t0p01,83,15.5211998,1.5474343272665034
P12,Flexion,preop-nopreload,t0p01,137,40.0738121,2.1228730127814055
P12,Flexion,preop-nopreload,t0p01,164,39.43223909,2.1114830998028666
P12,Flexion,preop-nopreload,t0p01,177,40.7864047,2.1353821347175637
P12,Flexion,preop-nopreload,t0p01,55,8.65404653,1.2736307586042457
P12,Flexion,preop-nopreload,t0p01,12,3.2252598,0.9165553527567638
P1,Extension,preop-nopreload,t0p015,31,24.5494363,1.8029525827504733
P1,Extension,preop-nopreload,t0p015,10,4.1451586,0.9965157815324909
P1,Flexion,preop-nopreload,t0p015,3632,2002.63912275,7.819362771787725
P1,Flexion,preop-nopreload,t0p015,175,138.9971116,3.213456229503684
P2,Extension,postop,t0p015,82,35.1951443,2.0329719209577215
P2,Extension,preop-nopreload,t0p015,115,53.8785067,2.343018118478657
P2,Extension,preop-nopreload,t0p015,4,1.9187765,0.7708654725688876
P2,Extension,preop-nopreload,t0p015,23,12.0161271,1.420884035445646
P2,Flexion,postop,t0p015,326,120.3836193,3.063088858347204
P2,Flexion,postop,t0p015,94,19.58818478,1.6722525272018636
P2,Flexion,preop-nopreload,t0p015,562,213.899242,3.7099968888087265
P2,Flexion,preop-nopreload,t0p015,1997,549.89228279,5.082331690226438
P3,Extension,postop,t0p015,4,1.6415075,0.7317871077077478
P3,Extension,preop-nopreload,t0p015,4,0.44666951,0.4742047497212238
P3,Flexion,postop,t0p015,1563,362.43908086,4.422985039098835
P3,Flexion,postop,t0p015,7,3.2792952,0.9216456295695209
P3,Flexion,postop,t0p015,235,66.3367713,2.5112420423756103
P3,Flexion,postop,t0p015,13,3.91153253,0.9774310077731787
P3,Flexion,postop,t0p015,9,4.9537218,1.0575015223545339
P3,Flexion,preop-nopreload,t0p015,7078,349.40618065,4.369321393507665
P3,Flexion,preop-nopreload,t0p015,101,7.33198874,1.205159124776166
P3,Flexion,preop-nopreload,t0p015,1024,89.852702506,2.778524164939027
P3,Flexion,preop-nopreload,t0p015,132,6.971344389,1.1850662853502547
P4,Extension,preop-nopreload,t0p015,1593,341.024453901,4.334100433506604
P4,Extension,preop-nopreload,t0p015,31,5.5802827,1.100328927344254
P4,Extension,preop-nopreload,t0p015,284,72.3178873,2.5845545741675573
P4,Extension,preop-nopreload,t0p015,62,17.0433599,1.596450786716962
P4,Flexion,postop,t0p015,4740,1189.44806906,6.572828369939183
P4,Flexion,postop,t0p015,43,20.2647962,1.6912892055866697
P4,Flexion,preop-nopreload,t0p015,10251,1729.951139649,7.447006666628927
P4,Flexion,preop-nopreload,t0p015,51,5.18802946,1.0739183785165969
P5,Extension,postop,t0p015,258,54.5697331,2.352995374542709
P5,Extension,preop-nopreload,t0p015,417,51.37543226,2.3061574765510016
P5,Extension,preop-nopreload,t0p015,713,84.71549778,2.724528901745145
P5,Extension,preop-nopreload,t0p015,414,41.94082307,2.1553416098400167
P5,Extension,preop-nopreload,t0p015,41,6.2831333,1.14471108420182
P5,Flexion,postop,t0p015,258,54.5697331,2.352995374542709
P5,Flexion,preop-nopreload,t0p015,13529,1771.61794743,7.50632136924236
P5,Flexion,preop-nopreload,t0p015,91,19.7665744,1.677313596291892
P5,Flexion,preop-nopreload,t0p015,3,1.4363562,0.6999352211524356
P6,Extension,preop-nopreload,t0p015,5649,207.322468925,3.6715765515547636
P6,Extension,preop-nopreload,t0p015,2,0.05268042,0.23255206832139527
P6,Extension,preop-nopreload,t0p015,566,41.36317122,2.145400641484583
P6,Flexion,preop-nopreload,t0p015,7632,293.0512140796,4.120516319764518
P6,Flexion,preop-nopreload,t0p015,25,1.6534121,0.7335518793455816
P6,Flexion,preop-nopreload,t0p015,209,8.30493032,1.2562684737638885
P7,Extension,preop-nopreload,t0p015,118,12.814745289,1.4516896807999324
P7,Extension,preop-nopreload,t0p015,889,199.33975791,3.6238351990101454
P7,Extension,preop-nopreload,t0p015,40,4.49361818,1.0236917097185227
P7,Extension,preop-nopreload,t0p015,42,4.54897097,1.027877876586638
P7,Extension,preop-nopreload,t0p015,421,83.871206268,2.7154476001406964
P7,Extension,preop-nopreload,t0p015,24,3.19300271,0.9134894989682837
P7,Extension,preop-nopreload,t0p015,43,15.6862831,1.5529011556107652
P7,Extension,preop-nopreload,t0p015,7,1.12466359,0.6451261932813135
P7,Extension,preop-nopreload,t0p015,4,0.7170779,0.5552551255694066
P7,Flexion,postop,t0p015,440,133.6506751,3.1717151927811815
P7,Flexion,postop,t0p015,35,17.89647,1.6226552371958731
P7,Flexion,postop,t0p015,353,84.62912837,2.7236026801552904
P7,Flexion,preop-nopreload,t0p015,54,10.9537893,1.3777124759049215
P7,Flexion,preop-nopreload,t0p015,4149,672.134246362,5.4340355033902386
P7,Flexion,preop-nopreload,t0p015,13,4.0771216,0.9910335376260954
P7,Flexion,preop-nopreload,t0p015,230,48.77489352,2.2665705428306344
P7,Flexion,preop-nopreload,t0p015,8,0.77455212,0.5697102229453425
P8,Extension,postop,t0p015,180,58.04711966,2.401950326655772
P8,Extension,postop,t0p015,9,3.6335521,0.9537054420356914
P8,Extension,postop,t0p015,11,2.5351672,0.8458746296375643
P8,Extension,preop-nopreload,t0p015,134,53.4974195,2.337480921598059
P8,Extension,preop-nopreload,t0p015,194,69.46564704,2.550119264048427
P8,Extension,preop-nopreload,t0p015,7,3.4533055,0.9376673566224247
P8,Extension,preop-nopreload,t0p015,49,8.23320419,1.2526413940154468
P8,Flexion,preop-nopreload,t0p015,414,86.127574761,2.739583464910445
P8,Flexion,preop-nopreload,t0p015,6,1.06858901,0.634221116745943
P8,Flexion,preop-nopreload,t0p015,2,0.3660582,0.4437658147104589
P8,Flexion,preop-nopreload,t0p015,35,21.3182306,1.7201019259663508
P9,Extension,postop,t0p015,32,29.79922005,1.9232633807238728
P9,Extension,preop-nopreload,t0p015,676,247.596144068,3.895397272852178
P9,Extension,preop-nopreload,t0p015,52,52.5499906,2.323599875095491
P9,Extension,preop-nopreload,t0p015,45,47.4000505,2.2450709223296474
P9,Flexion,postop,t0p015,1067,712.3600113,5.540347104600216
P9,Flexion,postop,t0p015,6,0.54974073,0.5081864742824203
P9,Flexion,preop-nopreload,t0p015,3879,1317.945904278,6.801473210870815
P9,Flexion,preop-nopreload,t0p015,45,53.87515042,2.34296946587965
P10,Extension,postop,t0p015,12,2.9850918,0.8932157260819497
P10,Extension,preop-nopreload,t0p015,4018,240.098207139,3.855672186468498
P10,Extension,preop-nopreload,t0p015,52,4.08250886,0.9914698426194019
P10,Flexion,postop,t0p015,8569,1756.382041402,7.484741278102199
P10,Flexion,postop,t0p015,192,50.8058364,2.297603048023001
P10,Flexion,preop-nopreload,t0p015,7686,610.953837434,5.263887462964556
P10,Flexion,preop-nopreload,t0p015,7,0.63744797,0.5338903171279561
P10,Flexion,preop-nopreload,t0p015,881,56.187383051,2.3760198539558113
P10,Flexion,preop-nopreload,t0p015,94,4.051331783,0.9889395232298204
P10,Flexion,preop-nopreload,t0p015,13,0.151976347,0.3310516809046747
P10,Flexion,preop-nopreload,t0p015,2,0.039779010000000004,0.21176545727691792
P11,Extension,preop-nopreload,t0p015,4,0.6987683,0.5504884295154415
P11,Flexion,postop,t0p015,6537,1011.586082935,6.227371080582551
P11,Flexion,preop-nopreload,t0p015,4,0.4947193,0.49063299153995793
P11,Flexion,preop-nopreload,t0p015,2078,354.46012699,4.390287149527125
P11,Flexion,preop-nopreload,t0p015,74,11.2801924,1.3912632046659128
P11,Flexion,preop-nopreload,t0p015,3,0.5286415,0.5016000234189065
P12,Extension,preop-nopreload,t0p015,263,43.4362956,2.1806604998234196
P12,Extension,preop-nopreload,t0p015,60,11.396927400000001,1.396045985664768
P12,Flexion,preop-nopreload,t0p015,95,28.5125681,1.8951746652275194
P12,Flexion,preop-nopreload,t0p015,129,33.2607921,1.995023394536857
P12,Flexion,preop-nopreload,t0p015,130,30.5398597,1.9390669733906563
P12,Flexion,preop-nopreload,t0p015,34,5.5832683,1.1005251274603065
P12,Flexion,preop-nopreload,t0p015,5,1.4171025,0.6967937046828635
P1,Extension,preop-nopreload,t0p02,21,14.5199494,1.5134177777145923
P1,Extension,preop-nopreload,t0p02,7,2.3605887,0.8259946572194008
P1,Flexion,preop-nopreload,t0p02,2647,1600.04865972,7.2557369103140195
P1,Flexion,preop-nopreload,t0p02,10,7.1132480000000005,1.193053118805195
P1,Flexion,preop-nopreload,t0p02,140,113.8037229,3.0062328771015108
P2,Extension,postop,t0p02,67,29.1276739,1.9087061148068825
P2,Extension,preop-nopreload,t0p02,83,39.5388053,2.113383493662491
P2,Extension,preop-nopreload,t0p02,4,1.9187765,0.7708654725688876
P2,Extension,preop-nopreload,t0p02,14,7.5062565,1.2146325926272965
P2,Flexion,postop,t0p02,253,95.6044243,2.8365893006854326
P2,Flexion,postop,t0p02,76,16.11870351,1.5670415041125958
P2,Flexion,preop-nopreload,t0p02,373,151.9277156,3.3101636570687742
P2,Flexion,preop-nopreload,t0p02,1537,452.15524075,4.761381569628366
P2,Flexion,preop-nopreload,t0p02,143,23.5755872,1.7787898245140998
P3,Extension,postop,t0p02,4,1.6415075,0.7317871077077478
P3,Extension,preop-nopreload,t0p02,4,0.44666951,0.4742047497212238
P3,Flexion,postop,t0p02,1017,265.21548674,3.985689143170523
P3,Flexion,postop,t0p02,164,50.389919400000004,2.2913161603032526
P3,Flexion,postop,t0p02,6,2.9246597,0.8871469773584443
P3,Flexion,postop,t0p02,8,4.4384087,1.0194819957563475
P3,Flexion,preop-nopreload,t0p02,4492,242.25045235300001,3.8671587073738367
P3,Flexion,preop-nopreload,t0p02,74,5.37675474,1.0867855927431564
P3,Flexion,preop-nopreload,t0p02,790,71.29488545,2.5723096999622017
P3,Flexion,preop-nopreload,t0p02,5,0.031113834,0.19511394365842344
P4,Extension,preop-nopreload,t0p02,1201,267.88003655,3.99899241202241
P4,Extension,preop-nopreload,t0p02,10,1.8876578,0.7666754425440909
P4,Extension,preop-nopreload,t0p02,62,15.3716253,1.5424475087051088
P4,Extension,preop-nopreload,t0p02,42,9.915117,1.3327123164673458
P4,Extension,preop-nopreload,t0p02,41,12.3753309,1.4349036389460972
P4,Flexion,postop,t0p02,3651,935.51306325,6.067182830501471
P4,Flexion,postop,t0p02,32,15.0757628,1.532487340007931
P4,Flexion,preop-nopreload,t0p02,7194,1321.809607225,6.808113148050717
P4,Flexion,preop-nopreload,t0p02,7,0.49850877,0.4918825297085902
P4,Flexion,preop-nopreload,t0p02,11,1.34404692,0.6846079534010426
P4,Flexion,preop-nopreload,t0p02,34,3.55137648,0.9464609532247684
P5,Extension,postop,t0p02,205,43.57022,2.1828993648975343
P5,Extension,preop-nopreload,t0p02,519,65.61391919,2.502087289448418
P5,Extension,preop-nopreload,t0p02,192,20.24729217,1.6908021062751468
P5,Extension,preop-nopreload,t0p02,99,10.91749419,1.3761891200555476
P5,Extension,preop-nopreload,t0p02,18,2.9174939,0.8864218426458111
P5,Extension,preop-nopreload,t0p02,166,19.45270224,1.6683882015278355
P5,Flexion,postop,t0p02,205,43.57022,2.1828993648975343
P5,Flexion,preop-nopreload,t0p02,11471,1511.13395511,7.118767105628423
P5,Flexion,preop-nopreload,t0p02,66,13.3019062,1.4698570188746558
P5,Flexion,preop-nopreload,t0p02,3,1.4363562,0.6999352211524356
P6,Extension,preop-nopreload,t0p02,371,28.41631067,1.8930395796946546
P6,Extension,preop-nopreload,t0p02,3988,154.553272293,3.3291231833928965
P6,Extension,preop-nopreload,t0p02,9,0.14795732,0.32810734225567956
P6,Extension,preop-nopreload,t0p02,9,0.13213528,0.31596821254399754
P6,Extension,preop-nopreload,t0p02,1,0.01008621,0.13403343020977707
P6,Extension,preop-nopreload,t0p02,10,0.16690473,0.34155450014663546
P6,Extension,preop-nopreload,t0p02,10,0.12332515000000001,0.3087836863857782
P6,Flexion,preop-nopreload,t0p02,5305,213.7886205346,3.7093572168176543
P6,Flexion,preop-nopreload,t0p02,15,0.99872896,0.6200875493688619
P6,Flexion,preop-nopreload,t0p02,149,5.99126737,1.126704504499424
P6,Flexion,preop-nopreload,t0p02,3,0.04319955,0.2176691449149779
P6,Flexion,preop-nopreload,t0p02,5,0.15218729,0.3312047765488382
P7,Extension,preop-nopreload,t0p02,104,24.26335602,1.795921792810815
P7,Extension,preop-nopreload,t0p02,1,0.1736362,0.3460858855883116
P7,Extension,preop-nopreload,t0p02,513,109.52213363,2.968049198194431
P7,Extension,preop-nopreload,t0p02,86,21.8562788,1.734453006640204
P7,Extension,preop-nopreload,t0p02,31,3.49035679,0.9410089153804191
P7,Extension,preop-nopreload,t0p02,29,3.07278717,0.9018783407786714
P7,Extension,preop-nopreload,t0p02,282,66.494047679,2.5132250920213433
P7,Extension,preop-nopreload,t0p02,29,10.9313886,1.3767726858911897
P7,Extension,preop-nopreload,t0p02,5,0.83186879,0.5834299780829735
P7,Extension,preop-nopreload,t0p02,8,0.652350696,0.5380188686724934
P7,Extension,preop-nopreload,t0p02,15,1.86543581,0.7636550593704189
P7,Flexion,postop,t0p02,199,67.4788849,2.525572049809936
P7,Flexion,postop,t0p02,25,13.1817588,1.4654182092966825
P7,Flexion,postop,t0p02,272,69.1461968,2.546204196212277
P7,Flexion,postop,t0p02,24,5.8236342,1.1160967054696693
P7,Flexion,preop-nopreload,t0p02,3104,504.457031344,4.938311983347945
P7,Flexion,preop-nopreload,t0p02,6,2.2164575,0.8088294074704618
P7,Flexion,preop-nopreload,t0p02,151,34.21442004,2.013910615702532
P7,Flexion,preop-nopreload,t0p02,1,0.27521,0.4035139316350205
P7,Flexion,preop-nopreload,t0p02,1,0.2583793,0.39511456204122297
P7,Flexion,preop-nopreload,t0p02,4,0.4164984,0.4632778922311128
P7,Flexion,preop-nopreload,t0p02,1,0.2211303,0.37513410425892174
P7,Flexion,preop-nopreload,t0p02,40,8.432008,1.2626436536386423
P8,Extension,postop,t0p02,139,47.24614189,2.242638362280453
P8,Extension,postop,t0p02,8,3.2152184999999998,0.9156031839939094
P8,Extension,postop,t0p02,5,1.2488412,0.6680457460687527
P8,Extension,preop-nopreload,t0p02,94,39.8513066,2.118936711001997
P8,Extension,preop-nopreload,t0p02,175,63.32834086,2.4726909173484284
P8,Extension,preop-nopreload,t0p02,5,2.5559351,0.848178131559865
P8,Extension,preop-nopreload,t0p02,35,6.4156853,1.1527049227825108
P8,Extension,preop-nopreload,t0p02,1,0.3847254,0.4511844086269455
P8,Flexion,preop-nopreload,t0p02,219,57.424590384,2.3933328339340356
P8,Flexion,preop-nopreload,t0p02,27,16.7841198,1.5883150600676037
P8,Flexion,preop-nopreload,t0p02,8,1.12173453,0.6445656534746542
P8,Flexion,preop-nopreload,t0p02,7,0.70694389,0.5526270156965876
P8,Flexion,preop-nopreload,t0p02,4,0.7898955,0.5734475172463327
P9,Extension,postop,t0p02,21,21.92666839,1.736312984842551
P9,Extension,preop-nopreload,t0p02,45,45.2396321,2.2104302656292174
P9,Extension,preop-nopreload,t0p02,308,128.370833198,3.1293868280854342
P9,Extension,preop-nopreload,t0p02,2,0.059023149999999996,0.2415338059431526
P9,Extension,preop-nopreload,t0p02,32,34.4361554,2.018251806552952
P9,Extension,preop-nopreload,t0p02,5,3.5798725,0.9489856601074093
P9,Flexion,postop,t0p02,560,486.36220352,4.8785459817946615
P9,Flexion,postop,t0p02,13,8.9441012,1.287703961401681
P9,Flexion,preop-nopreload,t0p02,3058,1079.673111738,6.3640642984868965
P9,Flexion,preop-nopreload,t0p02,35,43.2201,2.1770365447068376
P10,Extension,postop,t0p02,11,2.7433847,0.8684257671586743
P10,Extension,preop-nopreload,t0p02,42,3.33252797,0.9266059073506115
P10,Extension,preop-nopreload,t0p02,3118,191.674480471,3.5767772550329626
P10,Flexion,postop,t0p02,6660,1423.334620662,6.978136619890809
P10,Flexion,postop,t0p02,137,36.4960896,2.057718244834087
P10,Flexion,postop,t0p02,5,1.5363247,0.7158106152170293
P10,Flexion,preop-nopreload,t0p02,5407,445.901376416,4.739327651881732
P10,Flexion,preop-nopreload,t0p02,3,0.29355003,0.41228529011745885
P10,Flexion,preop-nopreload,t0p02,636,45.05760711,2.2074616709786863
P10,Flexion,preop-nopreload,t0p02,6,0.06617915,0.25092514965297275
P11,Extension,preop-nopreload,t0p02,1,0.1639419,0.3395213728122754
P11,Flexion,postop,t0p02,5300,836.112752545,5.844204612714744
P11,Flexion,preop-nopreload,t0p02,1116,204.62247127,3.65556832337851
P11,Flexion,preop-nopreload,t0p02,10,1.71205868,0.7421243453732606
P11,Flexion,preop-nopreload,t0p02,219,49.18497181,2.272904939755933
P12,Extension,preop-nopreload,t0p02,211,35.323366,2.0354377459473993
P12,Extension,preop-nopreload,t0p02,40,7.7429168,1.2272658823493563
P12,Flexion,preop-nopreload,t0p02,108,29.2094207,1.910490041186885
P12,Flexion,preop-nopreload,t0p02,98,23.2741621,1.7711763931888023
P12,Flexion,preop-nopreload,t0p02,72,22.2501061,1.7448087304910826
P12,Flexion,preop-nopreload,t0p02,24,3.9581241,0.9812965359896474
P12,Flexion,preop-nopreload,t0p02,4,1.1129661,0.6428817673597045
P1,Extension,preop-nopreload,t0p025,17,12.120496600000001,1.4249860131882954
P1,Extension,preop-nopreload,t0p025,6,2.1339129,0.7986613964477621
P1,Flexion,preop-nopreload,t0p025,1884,1304.13316326,6.777628753083178
P1,Flexion,preop-nopreload,t0p025,122,101.1869429,2.8907594579905562
P1,Flexion,preop-nopreload,t0p025,2,0.19502293999999998,0.3597485316271172
P2,Extension,postop,t0p025,48,21.5021707,1.7250349506232063
P2,Extension,preop-nopreload,t0p025,72,35.656221,2.0418111347694516
P2,Extension,preop-nopreload,t0p025,4,1.9187765,0.7708654725688876
P2,Extension,preop-nopreload,t0p025,10,5.5023748,1.095184242955542
P2,Flexion,postop,t0p025,211,81.8981369,2.693984778818023
P2,Flexion,postop,t0p025,62,13.0176914,1.459313009646955
P2,Flexion,postop,t0p025,1,0.3629366,0.4425007920288827
P2,Flexion,preop-nopreload,t0p025,282,121.1121547,3.0692554838351205
P2,Flexion,preop-nopreload,t0p025,1342,402.70668254,4.58106804216389
P2,Flexion,preop-nopreload,t0p025,121,19.59616044,1.6724794583507325
P3,Extension,postop,t0p025,4,1.6415075,0.7317871077077478
P3,Extension,preop-nopreload,t0p025,2,0.15770781,0.33516206990807385
P3,Flexion,postop,t0p025,655,192.87531193,3.584231156707233
P3,Flexion,postop,t0p025,118,38.225289000000004,2.0897165846011507
P3,Flexion,postop,t0p025,6,2.9246597,0.8871469773584443
P3,Flexion,postop,t0p025,7,3.8779393,0.9746248174383804
P3,Flexion,preop-nopreload,t0p025,730,36.522226113,2.058209336225623
P3,Flexion,preop-nopreload,t0p025,9,0.58461307,0.5187124083489958
P3,Flexion,preop-nopreload,t0p025,1830,122.43405647,3.0803817601439403
P3,Flexion,preop-nopreload,t0p025,677,60.5347453,2.435783607408404
P3,Flexion,preop-nopreload,t0p025,64,4.68861367,1.0382898616482357
P4,Extension,preop-nopreload,t0p025,998,227.87411237,3.7890947051306996
P4,Extension,preop-nopreload,t0p025,29,8.8161052,1.2815317928807883
P4,Extension,preop-nopreload,t0p025,1,0.2108793,0.36924541730532234
P4,Extension,preop-nopreload,t0p025,6,1.1040267,0.6411559187554411
P4,Extension,preop-nopreload,t0p025,44,10.8293642,1.3724760777572806
P4,Flexion,postop,t0p025,2750,735.4654583,5.599611418006093
P4,Flexion,postop,t0p025,29,13.9361538,1.492856650138169
P4,Flexion,preop-nopreload,t0p025,5273,1031.154143289,6.267268879574114
P4,Flexion,preop-nopreload,t0p025,23,2.45019488,0.8363165147835528
P5,Extension,postop,t0p025,163,35.138389000000004,2.0318785503579475
P5,Extension,preop-nopreload,t0p025,408,54.64966032,2.3541436095495465
P5,Extension,preop-nopreload,t0p025,142,15.77545,1.5558380281044821
P5,Extension,preop-nopreload,t0p025,74,8.60817339,1.271376361183475
P5,Extension,preop-nopreload,t0p025,17,2.7520148,0.869335441026888
P5,Extension,preop-nopreload,t0p025,47,3.7517154600000002,0.9639335461212237
P5,Flexion,postop,t0p025,163,35.138389000000004,2.0318785503579475
P5,Flexion,preop-nopreload,t0p025,9274,1253.1927891,6.688207820396506
P5,Flexion,preop-nopreload,t0p025,56,10.9277023,1.3766179093440896
P5,Flexion,preop-nopreload,t0p025,2,0.9470940000000001,0.6092115923098108
P5,Flexion,preop-nopreload,t0p025,4,0.18355972,0.352557203293704
P6,Extension,preop-nopreload,t0p025,93,5.15553061,1.071671266963277
P6,Extension,preop-nopreload,t0p025,2992,124.907144087,3.1009842214227974
P6,Extension,preop-nopreload,t0p025,165,15.00579958,1.5301130204440696
P6,Extension,preop-nopreload,t0p025,6,0.08015421,0.26747256525551844
P6,Extension,preop-nopreload,t0p025,2,0.0333943,0.19976891538684502
P6,Extension,preop-nopreload,t0p025,4,0.05778922,0.23983878079196816
P6,Extension,preop-nopreload,t0p025,8,0.09841362000000001,0.28641045412660193
P6,Flexion,preop-nopreload,t0p025,3535,157.0929061206,3.3472590277360537
P6,Flexion,preop-nopreload,t0p025,9,0.60563186,0.5248558410776442
P6,Flexion,preop-nopreload,t0p025,109,4.46928878,1.0218408708765152
P7,Extension,preop-nopreload,t0p025,81,16.46656152,1.5782341528620012
P7,Extension,preop-nopreload,t0p025,1,0.1736362,0.3460858855883116
P7,Extension,preop-nopreload,t0p025,409,87.72252361,2.756391080539051
P7,Extension,preop-nopreload,t0p025,3,1.4766878,0.7064260283938243
P7,Extension,preop-nopreload,t0p025,60,14.9857092,1.5294298561120179
P7,Extension,preop-nopreload,t0p025,22,2.53883732,0.8462826190996673
P7,Extension,preop-nopreload,t0p025,24,2.57920865,0.8507447723217431
P7,Extension,preop-nopreload,t0p025,207,55.94609489,2.372613821906978
P7,Extension,preop-nopreload,t0p025,20,7.8519986,1.2330022470491435
P7,Extension,preop-nopreload,t0p025,4,0.7337435,0.5595237846467193
P7,Extension,preop-nopreload,t0p025,6,0.597686656,0.5225505592230583
P7,Extension,preop-nopreload,t0p025,4,0.33846911,0.4323247941666985
P7,Flexion,postop,t0p025,217,58.2545396,2.404807891047914
P7,Flexion,postop,t0p025,157,54.8354131,2.356807817686329
P7,Flexion,postop,t0p025,15,8.2730066,1.2546567299623923
P7,Flexion,preop-nopreload,t0p025,2235,356.374289584,4.398175804886802
P7,Flexion,preop-nopreload,t0p025,36,17.8184254,1.620293057888798
P7,Flexion,preop-nopreload,t0p025,6,2.2164575,0.8088294074704618
P7,Flexion,preop-nopreload,t0p025,38,12.4717068,1.4386188981324823
P7,Flexion,preop-nopreload,t0p025,113,26.38246928,1.8467535559654207
P7,Flexion,preop-nopreload,t0p025,4,0.4164984,0.4632778922311128
P7,Flexion,preop-nopreload,t0p025,1,0.2211303,0.37513410425892174
P7,Flexion,preop-nopreload,t0p025,33,6.9976361,1.1865542017601494
P8,Extension,postop,t0p025,110,39.9619746,2.1208963435540493
P8,Extension,postop,t0p025,6,2.3656881,0.8265890072332968
P8,Extension,postop,t0p025,4,1.0828162,0.6370233893253945
P8,Extension,preop-nopreload,t0p025,141,52.91943199,2.3290323537690663
P8,Extension,preop-nopreload,t0p025,34,10.2176452,1.346131239288608
P8,Extension,preop-nopreload,t0p025,28,15.3617468,1.5421170224446081
P8,Extension,preop-nopreload,t0p025,29,5.5352225,1.0973592392454756
P8,Extension,preop-nopreload,t0p025,4,1.9979124,0.781320604990964
P8,Flexion,preop-nopreload,t0p025,180,48.21335052,2.2578386407788043
P8,Flexion,preop-nopreload,t0p025,18,11.4224474,1.397087217606007
P9,Extension,postop,t0p025,18,20.34180857,1.693428967887255
P9,Extension,preop-nopreload,t0p025,28,29.8642694,1.9246618078179483
P9,Extension,preop-nopreload,t0p025,194,104.214477047,2.919307309953553
P9,Extension,preop-nopreload,t0p025,37,36.900881,2.0652979242813574
P9,Flexion,postop,t0p025,341,373.4653472,4.467390337969168
P9,Flexion,preop-nopreload,t0p025,2363,891.800357458,5.971173324772834
P9,Flexion,preop-nopreload,t0p025,31,38.359042,2.0921511028505284
P10,Extension,postop,t0p025,10,2.499606,0.8419009179713138
P10,Extension,preop-nopreload,t0p025,2317,145.861507559,3.265507580080333
P10,Extension,preop-nopreload,t0p025,31,2.44759665,0.8360207952873374
P10,Flexion,postop,t0p025,5061,1134.162791042,6.469374046687311
P10,Flexion,postop,t0p025,98,26.6017842,1.8518567359036946
P10,Flexion,postop,t0p025,4,1.2375666,0.6660292822702077
P10,Flexion,preop-nopreload,t0p025,1331,100.517021715,2.884365778694485
P10,Flexion,preop-nopreload,t0p025,2508,236.51048018,3.8363709479371098
P10,Flexion,preop-nopreload,t0p025,1,0.09327416,0.2813353116123045
P10,Flexion,preop-nopreload,t0p025,498,36.7590636,2.062648744504165
P10,Flexion,preop-nopreload,t0p025,35,3.74676346,0.9635092512712096
P11,Flexion,postop,t0p025,4290,698.437954685,5.504016673568755
P11,Flexion,preop-nopreload,t0p025,471,101.98271366,2.8983176720235573
P11,Flexion,preop-nopreload,t0p025,179,41.4567695,2.1470176559307315
P11,Flexion,preop-nopreload,t0p025,149,29.23725742,1.9110967505959302
P12,Extension,preop-nopreload,t0p025,47,6.6919163,1.169016471249577
P12,Extension,preop-nopreload,t0p025,114,20.7059927,1.7034752018376698
P12,Extension,preop-nopreload,t0p025,27,5.3094265,1.082230247434319
P12,Flexion,preop-nopreload,t0p025,94,25.2093726,1.818965558792757
P12,Flexion,preop-nopreload,t0p025,84,20.0826683,1.6862071841496233
P12,Flexion,preop-nopreload,t0p025,58,18.2971084,1.6346744848790744
P12,Flexion,preop-nopreload,t0p025,20,3.3275581,0.9261450558014636
P12,Flexion,preop-nopreload,t0p025,4,1.1129661,0.6428817673597045
P1,Extension,preop-nopreload,t0p03,14,10.0981393,1.3408625134032408
P1,Extension,preop-nopreload,t0p03,3,1.1119582000000001,0.6426876445770288
P1,Flexion,preop-nopreload,t0p03,1344,1073.49386185,6.351899997612312
P1,Flexion,preop-nopreload,t0p03,90,80.9123844,2.6831325636287002
P1,Flexion,preop-nopreload,t0p03,3,0.4332478,0.46940666554227584
P2,Extension,postop,t0p03,28,12.9313813,1.4560806687759404
P2,Extension,preop-nopreload,t0p03,57,29.1824264,1.9099013243123553
P2,Extension,preop-nopreload,t0p03,5,2.7687369,0.8710926710582265
P2,Flexion,postop,t0p03,169,66.8535466,2.517746190063953
P2,Flexion,postop,t0p03,55,11.6559812,1.4065442824010503
P2,Flexion,preop-nopreload,t0p03,228,100.5173027,2.8843684663413116
P2,Flexion,preop-nopreload,t0p03,1157,356.76226342,4.399771279397343
P2,Flexion,preop-nopreload,t0p03,109,17.39441484,1.6073374786045707
P3,Extension,postop,t0p03,1,0.3849445,0.4512700417773091
P3,Flexion,postop,t0p03,346,118.80215628,3.0496165649989497
P3,Flexion,postop,t0p03,105,34.4761081,2.0190320276520466
P3,Flexion,postop,t0p03,94,22.98853865,1.7639011841384586
P3,Flexion,postop,t0p03,4,1.9293621,0.772280456441119
P3,Flexion,postop,t0p03,3,1.6135657,0.7276111540305625
P3,Flexion,postop,t0p03,3,1.6900081999999998,0.7389245019005966
P3,Flexion,preop-nopreload,t0p03,282,13.102448444,1.4624733136120966
P3,Flexion,preop-nopreload,t0p03,1581,109.10340465,2.964261849784893
P3,Flexion,preop-nopreload,t0p03,572,51.18508592,2.3033058419483963
P3,Flexion,preop-nopreload,t0p03,57,4.1815492899999995,0.9994234539681749
P4,Extension,preop-nopreload,t0p03,819,192.56205121,3.5822896480720416
P4,Extension,preop-nopreload,t0p03,24,7.0859686,1.1915260401950942
P4,Extension,preop-nopreload,t0p03,4,0.7846664,0.5721793090728016
P4,Extension,preop-nopreload,t0p03,35,8.7826818,1.2799102380718788
P4,Flexion,postop,t0p03,1555,441.79886719,4.7247481417935955
P4,Flexion,postop,t0p03,384,101.65244671,2.895185593160872
P4,Flexion,postop,t0p03,27,12.8639882,1.4535467616863835
P4,Flexion,preop-nopreload,t0p03,3611,740.308853339,5.611876581278597
P4,Flexion,preop-nopreload,t0p03,13,1.4055889,0.6949014798051301
P4,Flexion,preop-nopreload,t0p03,14,2.38479983,0.8288089666220094
P4,Flexion,preop-nopreload,t0p03,1,0.2340304,0.38229142370612657
P5,Extension,postop,t0p03,131,28.2868261,1.890159864168045
P5,Extension,preop-nopreload,t0p03,341,47.44310399,2.245750449653382
P5,Extension,preop-nopreload,t0p03,115,12.67243833,1.446296024278921
P5,Extension,preop-nopreload,t0p03,48,5.94989764,1.12410521257252
P5,Extension,preop-nopreload,t0p03,10,1.6140034,0.727676939309637
P5,Extension,preop-nopreload,t0p03,8,0.52637661,0.5008826530824427
P5,Flexion,postop,t0p03,131,28.2868261,1.890159864168045
P5,Flexion,preop-nopreload,t0p03,7535,1050.72553717,6.306671731221249
P5,Flexion,preop-nopreload,t0p03,47,8.661924,1.2740170882968342
P5,Flexion,preop-nopreload,t0p03,2,0.9470940000000001,0.6092115923098108
P6,Extension,preop-nopreload,t0p03,2202,103.791730547,2.9153545658920486
P6,Extension,preop-nopreload,t0p03,68,3.81479349,0.9693057920239708
P6,Extension,preop-nopreload,t0p03,101,9.03813189,1.292200848108147
P6,Extension,preop-nopreload,t0p03,3,0.03657254,0.2059154048577273
P6,Flexion,preop-nopreload,t0p03,2282,121.464168947,3.0722262194970247
P6,Flexion,preop-nopreload,t0p03,226,3.8430582953,0.9716938507110604
P6,Flexion,preop-nopreload,t0p03,18,0.23739192,0.3841130903280816
P6,Flexion,preop-nopreload,t0p03,12,0.24667824,0.3890577557660548
P6,Flexion,preop-nopreload,t0p03,23,0.70519917,0.552172017923731
P6,Flexion,preop-nopreload,t0p03,8,0.53813544,0.5045849911876873
P6,Flexion,preop-nopreload,t0p03,87,3.58054388,0.9490449816025069
P7,Extension,preop-nopreload,t0p03,67,13.56057172,1.4793234110032132
P7,Extension,preop-nopreload,t0p03,362,77.61984446,2.646232828867397
P7,Extension,preop-nopreload,t0p03,3,1.4766878,0.7064260283938243
P7,Extension,preop-nopreload,t0p03,51,12.4692033,1.438522631612772
P7,Extension,preop-nopreload,t0p03,13,1.47960264,0.7068905286296565
P7,Extension,preop-nopreload,t0p03,18,1.8980891,0.7680850792568047
P7,Extension,preop-nopreload,t0p03,185,50.96053978,2.2999327461700263
P7,Extension,preop-nopreload,t0p03,13,5.328431,1.0835199506965436
P7,Extension,preop-nopreload,t0p03,4,0.7337435,0.5595237846467193
P7,Flexion,postop,t0p03,183,50.3315964,2.2904318033681568
P7,Flexion,postop,t0p03,11,6.1717487,1.1379064041537137
P7,Flexion,postop,t0p03,127,45.6598491,2.2172531855325395
P7,Flexion,preop-nopreload,t0p03,977,182.00001312,3.515558021336411
P7,Flexion,preop-nopreload,t0p03,636,89.322832405,2.773051651327537
P7,Flexion,preop-nopreload,t0p03,27,13.4602066,1.475664758008506
P7,Flexion,preop-nopreload,t0p03,4,1.5473782,0.7175232116511284
P7,Flexion,preop-nopreload,t0p03,19,6.4563022,1.155132350877918
P7,Flexion,preop-nopreload,t0p03,91,21.9565017,1.7371001007484
P7,Flexion,preop-nopreload,t0p03,4,1.1471186,0.6493914566829599
P7,Flexion,preop-nopreload,t0p03,1,0.1048426,0.2925160662464804
P7,Flexion,preop-nopreload,t0p03,1,0.103187,0.2909681541467671
P7,Flexion,preop-nopreload,t0p03,26,5.5270818,1.0968210100321942
P8,Extension,postop,t0p03,96,35.1919439,2.032910297679015
P8,Extension,postop,t0p03,4,1.5692298999999998,0.7208849991595692
P8,Extension,postop,t0p03,1,0.1411486,0.3229951406220375
P8,Extension,postop,t0p03,4,1.0828162,0.6370233893253945
P8,Extension,preop-nopreload,t0p03,108,39.8702726,2.11927280520986
P8,Extension,preop-nopreload,t0p03,25,6.4566791,1.1551548281875799
P8,Extension,preop-nopreload,t0p03,2,1.3345558,0.6829926697041369
P8,Extension,preop-nopreload,t0p03,17,9.2782388,1.3035438517066105
P8,Extension,preop-nopreload,t0p03,23,4.48269,1.0228611860853345
P8,Extension,preop-nopreload,t0p03,1,0.5632528,0.5123163899818793
P8,Flexion,preop-nopreload,t0p03,145,40.11730271,2.1236406933737286
P8,Flexion,preop-nopreload,t0p03,9,6.0187876,1.128427001035883
P9,Extension,postop,t0p03,16,20.1687767,1.688613729829657
P9,Extension,preop-nopreload,t0p03,128,82.731526777,2.7030918925566567
P9,Extension,preop-nopreload,t0p03,1,1.106476,0.6416297066069772
P9,Extension,preop-nopreload,t0p03,14,14.4144701,1.5097441568645191
P9,Extension,preop-nopreload,t0p03,20,21.1175252,1.7146867974510782
P9,Extension,preop-nopreload,t0p03,12,11.5584955,1.4026120521505194
P9,Flexion,postop,t0p03,270,330.8471928,4.290549810868807
P9,Flexion,preop-nopreload,t0p03,1720,710.891145228,5.536536471569696
P9,Flexion,preop-nopreload,t0p03,25,31.092362,1.950690499014656
P9,Flexion,preop-nopreload,t0p03,3,1.0268699,0.625857707305831
P10,Extension,postop,t0p03,6,1.4462115,0.7015324003718822
P10,Extension,preop-nopreload,t0p03,1708,114.62042601,3.0134070708272995
P10,Extension,preop-nopreload,t0p03,17,1.36820484,0.6886853390705749
P10,Flexion,postop,t0p03,3871,909.064809962,6.009459496488297
P10,Flexion,postop,t0p03,69,19.2439911,1.6623999329308219
P10,Flexion,postop,t0p03,3,0.9149084000000001,0.6022308540045112
P10,Flexion,preop-nopreload,t0p03,674,57.17578971,2.3898713384806123
P10,Flexion,preop-nopreload,t0p03,1836,188.21813814,3.5551474779441947
P10,Flexion,preop-nopreload,t0p03,290,21.124659226,1.7148798636815021
P10,Flexion,preop-nopreload,t0p03,438,32.73113104,1.9843767707207227
P11,Flexion,postop,t0p03,3511,594.336265457,5.215723264594346
P11,Flexion,preop-nopreload,t0p03,378,88.1127641,2.7604723747777156
P11,Flexion,preop-nopreload,t0p03,160,37.3243987,2.0731691462784796
P11,Flexion,preop-nopreload,t0p03,55,10.67325662,1.3658492883117894
P12,Extension,preop-nopreload,t0p03,36,5.2294137,1.076766321997266
P12,Extension,preop-nopreload,t0p03,98,17.88571,1.6223299724803861
P12,Extension,preop-nopreload,t0p03,24,4.8135441,1.0474310611199895
P12,Flexion,preop-nopreload,t0p03,81,21.5664219,1.7267514494390723
P12,Flexion,preop-nopreload,t0p03,46,14.8835464,1.5259463760068441
P12,Flexion,preop-nopreload,t0p03,70,17.1225582,1.598919800042977
P12,Flexion,preop-nopreload,t0p03,12,2.1201111,0.7969358003161237
P12,Flexion,preop-nopreload,t0p03,4,1.1129661,0.6428817673597045
P1,Extension,preop-nopreload,t0p035,13,9.1049829,1.295378968698684
P1,Extension,preop-nopreload,t0p035,2,0.4880015,0.4884020924032622
P1,Flexion,preop-nopreload,t0p035,979,872.86977471,5.928620007494484
P1,Flexion,preop-nopreload,t0p035,72,63.4397824,2.474140500054586
P2,Extension,postop,t0p035,24,11.1710013,1.3867595467899634
P2,Extension,preop-nopreload,t0p035,51,26.424919,1.8477435083253426
P2,Extension,preop-nopreload,t0p035,4,2.2573043999999998,0.8137678094157426
P2,Flexion,postop,t0p035,130,52.5528128,2.3236414707019026
P2,Flexion,postop,t0p035,53,11.244188,1.3897814041081966
P2,Flexion,preop-nopreload,t0p035,197,88.2920636,2.7623435224195396
P2,Flexion,preop-nopreload,t0p035,964,309.65672556,4.196919468274867
P2,Flexion,preop-nopreload,t0p035,95,15.3373136,1.541298998119954
P3,Flexion,postop,t0p035,299,106.92942443,2.944441114088044
P3,Flexion,postop,t0p035,97,32.3314619,1.9762668125921379
P3,Flexion,postop,t0p035,4,1.9293621,0.772280456441119
P3,Flexion,postop,t0p035,2,1.0377002,0.6280503043130031
P3,Flexion,postop,t0p035,3,1.6900081999999998,0.7389245019005966
P3,Flexion,postop,t0p035,47,14.01408979,1.495634342575077
P3,Flexion,preop-nopreload,t0p035,100,4.889561372,1.0529160942411055
P3,Flexion,preop-nopreload,t0p035,1415,100.16836583,2.8810269873330507
P3,Flexion,preop-nopreload,t0p035,490,43.84653634,2.1875041933123036
P3,Flexion,preop-nopreload,t0p035,50,3.67275833,0.957123356511375
P4,Extension,preop-nopreload,t0p035,681,166.41827724,3.4122235096393543
P4,Extension,preop-nopreload,t0p035,12,3.2431170000000002,0.9182437953831002
P4,Extension,preop-nopreload,t0p035,3,0.5643628,0.5126527090923467
P4,Extension,preop-nopreload,t0p035,31,7.6068153,1.2200325585400966
P4,Flexion,postop,t0p035,1129,332.00433135,4.295546058713069
P4,Flexion,postop,t0p035,243,67.6712482,2.5279696711893656
P4,Flexion,postop,t0p035,23,11.2640388,1.390598776116098
P4,Flexion,preop-nopreload,t0p035,2497,528.06726818,5.0141833819429795
P4,Flexion,preop-nopreload,t0p035,12,3.6211172,0.9526162611967607
P4,Flexion,preop-nopreload,t0p035,5,0.5435824,0.5062817343318707
P4,Flexion,preop-nopreload,t0p035,333,75.690516149,2.6241235924364923
P5,Extension,postop,t0p035,115,24.8065141,1.8092241528830322
P5,Extension,preop-nopreload,t0p035,290,41.42006252,2.146383792375164
P5,Extension,preop-nopreload,t0p035,102,11.16190759,1.3863831492379712
P5,Extension,preop-nopreload,t0p035,27,3.3553347,0.9287148993455755
P5,Extension,preop-nopreload,t0p035,3,0.440338,0.47195347201993487
P5,Extension,preop-nopreload,t0p035,4,0.673488,0.5437681308800894
P5,Extension,preop-nopreload,t0p035,1,0.1683468,0.34253536654503486
P5,Flexion,postop,t0p035,115,24.8065141,1.8092241528830322
P5,Flexion,preop-nopreload,t0p035,20,1.82823067,0.7585440282687634
P5,Flexion,preop-nopreload,t0p035,6222,866.40185688,5.913940103914032
P5,Flexion,preop-nopreload,t0p035,41,7.32679,1.2048742184313783
P5,Flexion,preop-nopreload,t0p035,2,0.9470940000000001,0.6092115923098108
P6,Extension,preop-nopreload,t0p035,1617,86.86725447,2.747403804878981
P6,Extension,preop-nopreload,t0p035,23,1.78306277,0.7522450539943902
P6,Extension,preop-nopreload,t0p035,19,1.66162283,0.7347641308484752
P6,Extension,preop-nopreload,t0p035,2,0.2351403,0.38289481575898904
P6,Extension,preop-nopreload,t0p035,1,0.1229087,0.30843572279912257
P6,Extension,preop-nopreload,t0p035,1,0.1037806,0.2915250348690709
P6,Extension,preop-nopreload,t0p035,156,3.224928204,0.9165239406614121
P6,Extension,preop-nopreload,t0p035,54,3.04420088,0.8990728834362608
P6,Flexion,preop-nopreload,t0p035,2044,109.45620861,2.9674535561105406
P6,Flexion,preop-nopreload,t0p035,55,0.3985648033,0.4565308304086926
P6,Flexion,preop-nopreload,t0p035,9,0.10188596999999999,0.28974009069520335
P6,Flexion,preop-nopreload,t0p035,8,0.53813544,0.5045849911876873
P6,Flexion,preop-nopreload,t0p035,9,0.20298671000000001,0.364580132496555
P6,Flexion,preop-nopreload,t0p035,70,2.89444492,0.8840813452661346
P7,Extension,preop-nopreload,t0p035,56,10.85707572,1.3736457679346028
P7,Extension,preop-nopreload,t0p035,302,64.83812598,2.4921869345493732
P7,Extension,preop-nopreload,t0p035,11,1.25519734,0.6691771972997912
P7,Extension,preop-nopreload,t0p035,13,1.42530527,0.6981355614345105
P7,Extension,preop-nopreload,t0p035,43,9.837312,1.329217178788596
P7,Extension,preop-nopreload,t0p035,150,41.50804502,2.147902465910337
P7,Extension,preop-nopreload,t0p035,8,3.31228,0.9247254514561183
P7,Extension,preop-nopreload,t0p035,3,0.5494589,0.5080996171708407
P7,Flexion,postop,t0p035,157,44.5048998,2.1983984344005267
P7,Flexion,postop,t0p035,7,3.952905,0.9808650405556428
P7,Flexion,postop,t0p035,113,40.5041959,2.130445694986106
P7,Flexion,postop,t0p035,1,0.5901369,0.5203410079603149
P7,Flexion,preop-nopreload,t0p035,852,161.178091,3.3760261308167885
P7,Flexion,preop-nopreload,t0p035,265,35.082407493,2.0307989326276807
P7,Flexion,preop-nopreload,t0p035,18,9.0960493,1.2949551647002497
P7,Flexion,preop-nopreload,t0p035,1,0.5104545,0.4957805396017298
P7,Flexion,preop-nopreload,t0p035,11,4.0057754,0.9852187352920037
P7,Flexion,preop-nopreload,t0p035,76,18.6870541,1.6462056119197777
P7,Flexion,preop-nopreload,t0p035,3,0.8452905,0.586551018069095
P7,Flexion,preop-nopreload,t0p035,3,0.4393891,0.4716142184453011
P7,Flexion,preop-nopreload,t0p035,18,3.8952699,0.9760745335549502
P8,Extension,postop,t0p035,89,33.3729983,1.9972642986639153
P8,Extension,postop,t0p035,2,0.7249454,0.5572784250330749
P8,Extension,postop,t0p035,4,1.0828162,0.6370233893253945
P8,Extension,preop-nopreload,t0p035,90,34.289915,2.015390775348061
P8,Extension,preop-nopreload,t0p035,22,5.8936944,1.1205545444869218
P8,Extension,preop-nopreload,t0p035,8,4.686211500000001,1.0381125117956251
P8,Extension,preop-nopreload,t0p035,18,3.5096834,0.9427425536271468
P8,Flexion,preop-nopreload,t0p035,122,34.38709921,2.017292981018492
P8,Flexion,preop-nopreload,t0p035,7,4.8210668,1.0479764256365791
P9,Extension,postop,t0p035,15,19.3934641,1.6666929322314197
P9,Extension,preop-nopreload,t0p035,3,0.013589819,0.14803861763691153
P9,Extension,preop-nopreload,t0p035,93,73.37964185,2.597141784327675
P9,Extension,preop-nopreload,t0p035,4,4.396661,1.0162755032032689
P9,Extension,preop-nopreload,t0p035,5,4.7251501000000005,1.040979874346266
P9,Extension,preop-nopreload,t0p035,6,5.4109221000000005,1.0890827786907669
P9,Extension,preop-nopreload,t0p035,8,9.129983,1.2965634852475796
P9,Extension,preop-nopreload,t0p035,1,1.152731,0.6504488064571073
P9,Extension,preop-nopreload,t0p035,7,6.6644646,1.1674157602623068
P9,Extension,preop-nopreload,t0p035,2,2.060144,0.7893500778780744
P9,Flexion,postop,t0p035,220,289.8772094,4.105586003806172
P9,Flexion,preop-nopreload,t0p035,1099,524.226341688,5.001996807351778
P9,Flexion,preop-nopreload,t0p035,52,22.83468539,1.7599573402033188
P9,Flexion,preop-nopreload,t0p035,20,24.889079,1.8112291771583664
P10,Extension,postop,t0p035,4,1.0100035,0.6224121900819565
P10,Extension,preop-nopreload,t0p035,15,1.2103339100000001,0.6611076722958715
P10,Extension,preop-nopreload,t0p035,1303,94.991675715,2.8305162111915134
P10,Extension,preop-nopreload,t0p035,5,0.21111458,0.36938268978349376
P10,Flexion,postop,t0p035,2975,734.668061702,5.597586974066866
P10,Flexion,postop,t0p035,54,15.242283,1.5381090842816127
P10,Flexion,postop,t0p035,3,0.9149084000000001,0.6022308540045112
P10,Flexion,postop,t0p035,4,0.6284872,0.5313768246560489
P10,Flexion,preop-nopreload,t0p035,544,48.08507993,2.2558345519438476
P10,Flexion,preop-nopreload,t0p035,1317,150.29941619,3.2982954939631086
P10,Flexion,preop-nopreload,t0p035,159,11.36943358,1.394922479836111
P10,Flexion,preop-nopreload,t0p035,383,29.17049836,1.9096410708333598
P10,Flexion,preop-nopreload,t0p035,6,0.33726613,0.43181199951246685
P11,Flexion,postop,t0p035,2725,492.05289314,4.8974994225605695
P11,Flexion,preop-nopreload,t0p035,339,80.3116669,2.6764759392216773
P11,Flexion,preop-nopreload,t0p035,134,31.7667982,1.9646941180643749
P11,Flexion,preop-nopreload,t0p035,8,2.2765801,0.8160775711558673
P12,Extension,preop-nopreload,t0p035,29,4.2886131,1.0078813743551243
P12,Extension,preop-nopreload,t0p035,85,15.5834834,1.5495014172397514
P12,Extension,preop-nopreload,t0p035,18,3.6634338,0.9563126770779327
P12,Extension,preop-nopreload,t0p035,1,0.1303513,0.3145397851644669
P12,Flexion,preop-nopreload,t0p035,73,19.2093085,1.6614006422343703
P12,Flexion,preop-nopreload,t0p035,37,11.9301334,1.4174863872369818
P12,Flexion,preop-nopreload,t0p035,57,14.3439556,1.5072782800252582
P12,Flexion,preop-nopreload,t0p035,8,1.4882717,0.7082684091539866
P12,Flexion,preop-nopreload,t0p035,3,0.8215455,0.5810065172179462
