participant,loading_condition,state,pct_above_t0p05,pct_above_t0p10,pct_above_t0p15,pct_above_t0p20
P1,Extension,PostOp,0.0,0.0,0.0,0.0
P1,Extension,PreOp,42.77424816528997,9.844075027455935,0.0368806384791771,0.0
P1,Flexion,PostOp,0.0,0.0,0.0,0.0
P1,Flexion,PreOp,53.02084712636864,18.12302376253868,5.088564150589834,1.1686214412920817
P2,Extension,PostOp,0.12085866889002994,0.0,0.0,0.0
P2,Extension,PreOp,27.241376600262864,13.88716917575433,9.837056623020478,6.521222207506838
P2,Flexion,PostOp,0.8672409747111354,0.13245303829625493,0.012641936407351468,0.0
P2,Flexion,PreOp,37.02124544943027,17.687949643055923,11.179920344791393,6.883052583166006
P3,Extension,PostOp,0.0,0.0,0.0,0.0
P3,Extension,PreOp,26.06251370039395,5.684595457000873,0.03168527382445597,0.0
P3,Flexion,PostOp,2.784699369747964,0.5944887953624485,0.10373129970111372,0.0
P3,Flexion,PreOp,30.124542484715494,7.158587107311661,0.3714826232857798,0.04662634182485807
P4,Extension,PreOp,40.2138814968764,25.942535814055375,7.812440176230745,1.0641849592991486
P4,Flexion,PreOp,46.85692073975171,30.174036913199856,10.641920230866734,1.8473154468374577
P5,Extension,PreOp,23.26912499409581,10.610809603022243,4.585828824734576,1.5445790525502783
P5,Flexion,PreOp,36.1049247580747,18.721727448251876,6.437777756186566,1.7146852394655512
P6,Extension,PostOp,4.802784502406421,1.9403797289303404,0.2491331863598078,0.0398192297095561
P6,Extension,PreOp,25.59518398689897,12.04358842184652,2.5990408155264855,0.20501611167032366
P6,Flexion,PostOp,0.39625022178366853,0.18660703680188442,0.12994262152869338,0.08227086826731901
P6,Flexion,PreOp,25.136305548029608,11.27383283016036,3.8713497029605306,0.4173360184409806
P7,Extension,PostOp,4.583857673453675,0.9667237374649977,0.01934358201859229,0.0
P7,Extension,PreOp,43.787996942087275,27.91301290766952,18.76662735701711,10.4858769231522
P7,Flexion,PostOp,4.583857673453675,0.9667237374649977,0.01934358201859229,0.0
P7,Flexion,PreOp,47.16073078111654,28.52876581450533,19.595604720100532,11.626439676060052
P8,Extension,PostOp,0.7959453734215313,0.08427257490635373,0.0,0.0
P8,Extension,PreOp,65.68699399714633,47.28332079366257,35.6376590697359,28.057078419758547
P8,Flexion,PostOp,0.0,0.0,0.0,0.0
P8,Flexion,PreOp,65.2487188564362,47.83009389738034,35.84730467406852,28.39618051661825
P9,Extension,PostOp,0.36640452623805203,0.024702252827953537,0.0,0.0
P9,Extension,PreOp,21.45847642179479,4.624343440052819,0.7808211003074337,0.17402888331737731
P9,Flexion,PostOp,4.654853549710308,1.00243801205689,0.10418905389001336,0.0
P9,Flexion,PreOp,28.852477870158292,11.543280409129142,2.4088119155038306,0.7997354293661355
