participant,loading_condition,state,percentile,threshold_value,pct_above,peak_ivd_mps
P1,Extension,PostOp,t90,0.06935877,0.0,0.00163874
P1,Extension,PostOp,t95,0.1097223,0.0,0.00163874
P1,Extension,PostOp,t97,0.1449802,0.0,0.00163874
P1,Extension,PostOp,t99,0.1998113,0.0,0.00163874
P1,Extension,PreOp-NoPreload,t90,0.06935877,22.508342739937607,0.2748287
P1,Extension,PreOp-NoPreload,t95,0.1097223,11.549879483232742,0.2748287
P1,Extension,PreOp-NoPreload,t97,0.1449802,6.9135641258840534,0.2748287
P1,Extension,PreOp-NoPreload,t99,0.1998113,2.17408647170106,0.2748287
P1,Flexion,PostOp,t90,0.06935877,0.0,0.004204496
P1,Flexion,PostOp,t95,0.1097223,0.0,0.004204496
P1,Flexion,PostOp,t97,0.1449802,0.0,0.004204496
P1,Flexion,PostOp,t99,0.1998113,0.0,0.004204496
P1,Flexion,PreOp-NoPreload,t90,0.06935877,15.81261804430623,0.3944443
P1,Flexion,PreOp-NoPreload,t95,0.1097223,7.6701205268143235,0.3944443
P1,Flexion,PreOp-NoPreload,t97,0.1449802,4.619323278491643,0.3944443
P1,Flexion,PreOp-NoPreload,t99,0.1998113,1.7255571179505191,0.3944443
P2,Extension,PostOp,t90,0.1116895,12.566970037950913,0.4182919
P2,Extension,PostOp,t95,0.1591596,5.349329259028099,0.4182919
P2,Extension,PostOp,t97,0.1943115,1.9965102468493334,0.4182919
P2,Extension,PostOp,t99,0.2629024,0.20559115740685677,0.4182919
P2,Extension,PreOp-NoPreload,t90,0.1116895,15.894331214050762,0.6124495
P2,Extension,PreOp-NoPreload,t95,0.1591596,7.289508374139948,0.6124495
P2,Extension,PreOp-NoPreload,t97,0.1943115,5.218471720084796,0.6124495
P2,Extension,PreOp-NoPreload,t99,0.2629024,1.2495494582150162,0.6124495
P2,Flexion,PostOp,t90,0.1116895,5.1952472018470095,0.7138678
P2,Flexion,PostOp,t95,0.1591596,3.1361481528108213,0.7138678
P2,Flexion,PostOp,t97,0.1943115,2.2292065808560224,0.7138678
P2,Flexion,PostOp,t99,0.2629024,1.0458933208501096,0.7138678
P2,Flexion,PreOp-NoPreload,t90,0.1116895,6.932686037304462,0.9650519
P2,Flexion,PreOp-NoPreload,t95,0.1591596,4.6483566009478725,0.9650519
P2,Flexion,PreOp-NoPreload,t97,0.1943115,3.048985627778116,0.9650519
P2,Flexion,PreOp-NoPreload,t99,0.2629024,1.7015971685093785,0.9650519
P3,Extension,PostOp,t90,0.0959274,10.368108269016275,0.6638278
P3,Extension,PostOp,t95,0.1444498,6.1217764075167365,0.6638278
P3,Extension,PostOp,t97,0.1940349,3.9293922360838858,0.6638278
P3,Extension,PostOp,t99,0.2781682,0.8822528309179221,0.6638278
P3,Extension,PreOp-NoPreload,t90,0.0959274,12.961231843510818,0.5806769
P3,Extension,PreOp-NoPreload,t95,0.1444498,5.669937757649826,0.5806769
P3,Extension,PreOp-NoPreload,t97,0.1940349,3.653664163629806,0.5806769
P3,Extension,PreOp-NoPreload,t99,0.2781682,1.5705046599257146,0.5806769
P3,Flexion,PostOp,t90,0.0959274,9.554403464770168,0.7102333
P3,Flexion,PostOp,t95,0.1444498,4.15776758147381,0.7102333
P3,Flexion,PostOp,t97,0.1940349,2.181811627134028,0.7102333
P3,Flexion,PostOp,t99,0.2781682,0.5682710938080315,0.7102333
P3,Flexion,PreOp-NoPreload,t90,0.0959274,7.126708313722664,0.6682864
P3,Flexion,PreOp-NoPreload,t95,0.1444498,4.022947822159602,0.6682864
P3,Flexion,PreOp-NoPreload,t97,0.1940349,2.2231623002121164,0.6682864
P3,Flexion,PreOp-NoPreload,t99,0.2781682,1.0477076876768843,0.6682864
P4,Extension,PostOp,t90,0.07689779,11.626472067410567,0.3657626
P4,Extension,PostOp,t95,0.1138315,4.88850470242255,0.3657626
P4,Extension,PostOp,t97,0.1361645,3.3008400189138385,0.3657626
P4,Extension,PostOp,t99,0.1747888,1.2182015443956251,0.3657626
P4,Extension,PreOp-NoPreload,t90,0.07689779,15.035115429508,0.3124422
P4,Extension,PreOp-NoPreload,t95,0.1138315,8.406092039711996,0.3124422
P4,Extension,PreOp-NoPreload,t97,0.1361645,4.878910004938523,0.3124422
P4,Extension,PreOp-NoPreload,t99,0.1747888,0.85018585261673,0.3124422
P4,Flexion,PostOp,t90,0.07689779,6.485516173037768,0.5547488
P4,Flexion,PostOp,t95,0.1138315,3.4848979695396447,0.5547488
P4,Flexion,PostOp,t97,0.1361645,2.183701356512269,0.5547488
P4,Flexion,PostOp,t99,0.1747888,1.0545484213509182,0.5547488
P4,Flexion,PreOp-NoPreload,t90,0.07689779,7.18577419845653,0.6098746
P4,Flexion,PreOp-NoPreload,t95,0.1138315,3.505659066696088,0.6098746
P4,Flexion,PreOp-NoPreload,t97,0.1361645,1.7266260003682656,0.6098746
P4,Flexion,PreOp-NoPreload,t99,0.1747888,0.8336344186960573,0.6098746
P5,Extension,PostOp,t90,0.1307376,11.527350035707334,0.4549129
P5,Extension,PostOp,t95,0.222433,6.308204530653335,0.4549129
P5,Extension,PostOp,t97,0.2766028,3.636466891971309,0.4549129
P5,Extension,PostOp,t99,0.3514392,1.0492743032913028,0.4549129
P5,Extension,PreOp-NoPreload,t90,0.1307376,4.209859631877851,0.7309993
P5,Extension,PreOp-NoPreload,t95,0.222433,2.403158210814404,0.7309993
P5,Extension,PreOp-NoPreload,t97,0.2766028,1.6255639947854355,0.7309993
P5,Extension,PreOp-NoPreload,t99,0.3514392,0.9202595686440111,0.7309993
P5,Flexion,PostOp,t90,0.1307376,11.527350035707334,0.4549129
P5,Flexion,PostOp,t95,0.222433,6.308204530653335,0.4549129
P5,Flexion,PostOp,t97,0.2766028,3.636466891971309,0.4549129
P5,Flexion,PostOp,t99,0.3514392,1.0492743032913028,0.4549129
P5,Flexion,PreOp-NoPreload,t90,0.1307376,12.454960957282514,0.4358597
P5,Flexion,PreOp-NoPreload,t95,0.222433,4.748096463805288,0.4358597
P5,Flexion,PreOp-NoPreload,t97,0.2766028,3.0209698942729415,0.4358597
P5,Flexion,PreOp-NoPreload,t99,0.3514392,0.9781081386034239,0.4358597
P6,Extension,PostOp,t90,0.1062998,14.930956524742438,0.2756609
P6,Extension,PostOp,t95,0.1476132,6.779775124563676,0.2756609
P6,Extension,PostOp,t97,0.1840019,3.125667775298203,0.2756609
P6,Extension,PostOp,t99,0.2946348,0.0,0.2756609
P6,Extension,PreOp-NoPreload,t90,0.1062998,12.611953177546178,1.135583
P6,Extension,PreOp-NoPreload,t95,0.1476132,4.735675079659868,1.135583
P6,Extension,PreOp-NoPreload,t97,0.1840019,2.534178415320402,1.135583
P6,Extension,PreOp-NoPreload,t99,0.2946348,1.4743425685625136,1.135583
P6,Flexion,PostOp,t90,0.1062998,5.540289107576128,0.5084838
P6,Flexion,PostOp,t95,0.1476132,3.783240241082319,0.5084838
P6,Flexion,PostOp,t97,0.1840019,2.7621110430427533,0.5084838
P6,Flexion,PostOp,t99,0.2946348,0.76893843388829,0.5084838
P6,Flexion,PreOp-NoPreload,t90,0.1062998,6.860890176861527,1.755064
P6,Flexion,PreOp-NoPreload,t95,0.1476132,4.621386919100113,1.755064
P6,Flexion,PreOp-NoPreload,t97,0.1840019,3.60153097642333,1.755064
P6,Flexion,PreOp-NoPreload,t99,0.2946348,1.9423374910681548,1.755064
P7,Extension,PostOp,t90,0.07036698,12.447346512939278,1.092212
P7,Extension,PostOp,t95,0.1236154,6.3959110976263105,1.092212
P7,Extension,PostOp,t97,0.1574999,4.019422659818373,1.092212
P7,Extension,PostOp,t99,0.206469,1.2807077721886102,1.092212
P7,Extension,PreOp-NoPreload,t90,0.07036698,9.059665541065792,0.3652879
P7,Extension,PreOp-NoPreload,t95,0.1236154,4.865514696099522,0.3652879
P7,Extension,PreOp-NoPreload,t97,0.1574999,3.1280469337955803,0.3652879
P7,Extension,PreOp-NoPreload,t99,0.206469,1.12574479751509,0.3652879
P7,Flexion,PostOp,t90,0.07036698,10.15958022732275,1.754047
P7,Flexion,PostOp,t95,0.1236154,5.045099440895104,1.754047
P7,Flexion,PostOp,t97,0.1574999,2.7596510460825883,1.754047
P7,Flexion,PostOp,t99,0.206469,0.8108840792911112,1.754047
P7,Flexion,PreOp-NoPreload,t90,0.07036698,8.317265866228054,0.2554926
P7,Flexion,PreOp-NoPreload,t95,0.1236154,3.69143230888381,0.2554926
P7,Flexion,PreOp-NoPreload,t97,0.1574999,2.0946107579282494,0.2554926
P7,Flexion,PreOp-NoPreload,t99,0.206469,0.7949920299654606,0.2554926
P8,Extension,PostOp,t90,0.101255,18.493407414935326,0.3417411
P8,Extension,PostOp,t95,0.1501,8.192665091175584,0.3417411
P8,Extension,PostOp,t97,0.1805487,3.3737297906978694,0.3417411
P8,Extension,PostOp,t99,0.2372344,0.36752040032610567,0.3417411
P8,Extension,PreOp-NoPreload,t90,0.101255,10.290924543400733,0.8876253
P8,Extension,PreOp-NoPreload,t95,0.1501,5.905662839328718,0.8876253
P8,Extension,PreOp-NoPreload,t97,0.1805487,4.584596831253378,0.8876253
P8,Extension,PreOp-NoPreload,t99,0.2372344,1.8138616288808997,0.8876253
P8,Flexion,PostOp,t90,0.101255,5.001614313334379,0.4718584
P8,Flexion,PostOp,t95,0.1501,3.0055489502534525,0.4718584
P8,Flexion,PostOp,t97,0.1805487,2.0809962435589995,0.4718584
P8,Flexion,PostOp,t99,0.2372344,0.9170610724678999,0.4718584
P8,Flexion,PreOp-NoPreload,t90,0.101255,6.065295780323922,0.9022557
P8,Flexion,PreOp-NoPreload,t95,0.1501,2.8401999097942476,0.9022557
P8,Flexion,PreOp-NoPreload,t97,0.1805487,1.9905198066168843,0.9022557
P8,Flexion,PreOp-NoPreload,t99,0.2372344,0.9398266917950497,0.9022557
P9,Extension,PostOp,t90,0.07751457,11.067630918599521,0.3104894
P9,Extension,PostOp,t95,0.1207141,5.987234022876668,0.3104894
P9,Extension,PostOp,t97,0.1478297,3.459036469510247,0.3104894
P9,Extension,PostOp,t99,0.203901,1.2075955283459416,0.3104894
P9,Extension,PreOp-NoPreload,t90,0.07751457,16.826787538365735,0.3667817
P9,Extension,PreOp-NoPreload,t95,0.1207141,7.239739301101986,0.3667817
P9,Extension,PreOp-NoPreload,t97,0.1478297,4.0286809310377745,0.3667817
P9,Extension,PreOp-NoPreload,t99,0.203901,0.6596991652991055,0.3667817
P9,Flexion,PostOp,t90,0.07751457,7.039024366878903,0.4855695
P9,Flexion,PostOp,t95,0.1207141,4.085656847847073,0.4855695
P9,Flexion,PostOp,t97,0.1478297,2.606537675203364,0.4855695
P9,Flexion,PostOp,t99,0.203901,1.1330462147566283,0.4855695
P9,Flexion,PreOp-NoPreload,t90,0.07751457,5.47642195770708,0.4788648
P9,Flexion,PreOp-NoPreload,t95,0.1207141,2.6808519135489437,0.4788648
P9,Flexion,PreOp-NoPreload,t97,0.1478297,1.906492784748677,0.4788648
P9,Flexion,PreOp-NoPreload,t99,0.203901,0.9278652424389677,0.4788648
P10,Extension,PostOp,t90,0.06278609,9.057801806423255,0.3119751
P10,Extension,PostOp,t95,0.09948289,4.291522838376616,0.3119751
P10,Extension,PostOp,t97,0.1265753,2.78094734847595,0.3119751
P10,Extension,PostOp,t99,0.1640921,1.08951679809461,0.3119751
P10,Extension,PreOp-NoPreload,t90,0.06278609,14.112527343647264,0.340924
P10,Extension,PreOp-NoPreload,t95,0.09948289,8.077631975892503,0.340924
P10,Extension,PreOp-NoPreload,t97,0.1265753,5.45800499451973,0.340924
P10,Extension,PreOp-NoPreload,t99,0.1640921,1.7773516040241821,0.340924
P10,Flexion,PostOp,t90,0.06278609,9.500837806772168,0.2550984
P10,Flexion,PostOp,t95,0.09948289,5.063115529984015,0.2550984
P10,Flexion,PostOp,t97,0.1265753,2.776644641425475,0.2550984
P10,Flexion,PostOp,t99,0.1640921,0.8143918997087789,0.2550984
P10,Flexion,PreOp-NoPreload,t90,0.06278609,7.480770088414937,0.3561108
P10,Flexion,PreOp-NoPreload,t95,0.09948289,2.6409745416230455,0.3561108
P10,Flexion,PreOp-NoPreload,t97,0.1265753,1.030517265750221,0.3561108
P10,Flexion,PreOp-NoPreload,t99,0.1640921,0.33387725156207726,0.3561108
P11,Extension,PostOp,t90,0.07531318,7.514325168156882,0.3601078
P11,Extension,PostOp,t95,0.1090823,4.414795993281439,0.3601078
P11,Extension,PostOp,t97,0.1336576,2.9033895536498964,0.3601078
P11,Extension,PostOp,t99,0.1754688,1.2158660284313456,0.3601078
P11,Extension,PreOp-NoPreload,t90,0.07531318,20.03070406468136,0.2272832
P11,Extension,PreOp-NoPreload,t95,0.1090823,8.66859052572003,0.2272832
P11,Extension,PreOp-NoPreload,t97,0.1336576,4.608507155572206,0.2272832
P11,Extension,PreOp-NoPreload,t99,0.1754688,0.7671673338066776,0.2272832
P11,Flexion,PostOp,t90,0.07531318,7.514325168156882,0.3601078
P11,Flexion,PostOp,t95,0.1090823,4.414795993281439,0.3601078
P11,Flexion,PostOp,t97,0.1336576,2.9033895536498964,0.3601078
P11,Flexion,PostOp,t99,0.1754688,1.2158660284313456,0.3601078
P11,Flexion,PreOp-NoPreload,t90,0.07531318,5.75557415652832,0.3721501
P11,Flexion,PreOp-NoPreload,t95,0.1090823,2.68247304544265,0.3721501
P11,Flexion,PreOp-NoPreload,t97,0.1336576,1.6442558063045885,0.3721501
P11,Flexion,PreOp-NoPreload,t99,0.1754688,0.7719674409505435,0.3721501
P12,Extension,PostOp,t90,0.103472,11.161113447100286,0.2910532
P12,Extension,PostOp,t95,0.1737733,5.095038274410326,0.2910532
P12,Extension,PostOp,t97,0.2061706,2.226240162145227,0.2910532
P12,Extension,PostOp,t99,0.2653876,0.19487349448580793,0.2910532
P12,Extension,PreOp-NoPreload,t90,0.103472,11.214751806542136,0.4559922
P12,Extension,PreOp-NoPreload,t95,0.1737733,6.1263359854431245,0.4559922
P12,Extension,PreOp-NoPreload,t97,0.2061706,4.172201774071127,0.4559922
P12,Extension,PreOp-NoPreload,t99,0.2653876,0.830229911430361,0.4559922
P12,Flexion,PostOp,t90,0.103472,8.827981863572933,0.5307394
P12,Flexion,PostOp,t95,0.1737733,4.506259165296928,0.5307394
P12,Flexion,PostOp,t97,0.2061706,2.7925616359821026,0.5307394
P12,Flexion,PostOp,t99,0.2653876,1.465621821496193,0.5307394
P12,Flexion,PreOp-NoPreload,t90,0.103472,8.798541469042487,0.9317437
P12,Flexion,PreOp-NoPreload,t95,0.1737733,4.328830784069494,0.9317437
P12,Flexion,PreOp-NoPreload,t97,0.2061706,2.896753707922415,0.9317437
P12,Flexion,PreOp-NoPreload,t99,0.2653876,1.5518092661960214,0.9317437
