participant,loading_condition,threshold,tissue,pct_above
P1,Extension,t0p10,GM,7.441049990677908
P1,Extension,t0p15,GM,0.0
P1,Extension,t0p10,WM,11.283575142151774
P1,Extension,t0p15,WM,0.05897349332184394
P1,Flexion,t0p10,GM,8.895933341642838
P1,Flexion,t0p15,GM,0.18753518530738786
P1,Flexion,t0p10,WM,23.65038927721406
P1,Flexion,t0p15,WM,8.024460218951681
P10,Extension,t0p10,GM,2.8305208468619902
P10,Extension,t0p15,GM,0.19857722738459885
P10,Extension,t0p10,WM,5.526779476685349
P10,Extension,t0p15,WM,0.8415793060918282
P10,Flexion,t0p10,GM,3.0754996931197307
P10,Flexion,t0p15,GM,0.47275804068922633
P10,Flexion,t0p10,WM,8.270676845057057
P10,Flexion,t0p15,WM,3.802467984577018
P11,Extension,t0p10,GM,1.9795444891299474
P11,Extension,t0p15,GM,0.0
P11,Extension,t0p10,WM,3.270410426299408
P11,Extension,t0p15,WM,0.0
P11,Flexion,t0p10,GM,2.108806969105667
P11,Flexion,t0p15,GM,0.0
P11,Flexion,t0p10,WM,7.461695997466245
P11,Flexion,t0p15,WM,0.7405123707719027
P12,Extension,t0p10,GM,16.170414203898506
P12,Extension,t0p15,GM,6.656386931413832
P12,Extension,t0p10,WM,19.88854404266167
P12,Extension,t0p15,WM,10.037723667706306
P12,Flexion,t0p10,GM,16.20532393535031
P12,Flexion,t0p15,GM,6.656386931413832
P12,Flexion,t0p10,WM,19.92299420286297
P12,Flexion,t0p15,WM,10.46696300083632
P2,Extension,t0p10,GM,9.898045846966317
P2,Extension,t0p15,GM,7.248580567672392
P2,Extension,t0p10,WM,15.476987155579756
P2,Extension,t0p15,WM,10.868663177634138
P2,Flexion,t0p10,GM,9.970220262868162
P2,Flexion,t0p15,GM,7.248580567672392
P2,Flexion,t0p10,WM,20.763759519251778
P2,Flexion,t0p15,WM,12.746709372686803
P3,Extension,t0p10,GM,3.3185564208567877
P3,Extension,t0p15,GM,0.0
P3,Extension,t0p10,WM,6.791642612524445
P3,Extension,t0p15,WM,0.04651051200671112
P3,Flexion,t0p10,GM,3.222580429114199
P3,Flexion,t0p15,GM,0.0
P3,Flexion,t0p10,WM,9.000207186548145
P3,Flexion,t0p15,WM,0.5452958085936461
P4,Extension,t0p10,GM,22.474537428184078
P4,Extension,t0p15,GM,3.846232638570511
P4,Extension,t0p10,WM,27.87953843186331
P4,Extension,t0p15,WM,10.027710637288724
P4,Flexion,t0p10,GM,23.815257021831698
P4,Flexion,t0p15,GM,4.598397247032454
P4,Flexion,t0p10,WM,33.72564562957763
P4,Flexion,t0p15,WM,14.01744655410876
P5,Extension,t0p10,GM,11.436624402724664
P5,Extension,t0p15,GM,6.455419413134728
P5,Extension,t0p10,WM,14.809800039641859
P5,Extension,t0p15,WM,7.722156583746242
P5,Flexion,t0p10,GM,18.30293502538257
P5,Flexion,t0p15,GM,7.204048660002591
P5,Flexion,t0p10,WM,27.296837294729148
P5,Flexion,t0p15,WM,13.843839609775953
P6,Extension,t0p10,GM,7.383380050136185
P6,Extension,t0p15,GM,0.0012412158969965206
P6,Extension,t0p10,WM,13.725083192340971
P6,Extension,t0p15,WM,3.536377967248394
P6,Flexion,t0p10,GM,8.322737479641672
P6,Flexion,t0p15,GM,0.35293788869214704
P6,Flexion,t0p10,WM,12.338646032344807
P6,Flexion,t0p15,WM,5.140861835090125
P7,Extension,t0p10,GM,31.053886188515747
P7,Extension,t0p15,GM,22.721580890850813
P7,Extension,t0p10,WM,26.661028996651314
P7,Extension,t0p15,WM,17.19014280942965
P7,Flexion,t0p10,GM,30.95645548850962
P7,Flexion,t0p15,GM,22.81868897792691
P7,Flexion,t0p10,WM,27.561064114683973
P7,Flexion,t0p15,WM,18.31085068075021
P8,Extension,t0p10,GM,42.085157109359926
P8,Extension,t0p15,GM,31.55909313243387
P8,Extension,t0p10,WM,48.80271213062513
P8,Extension,t0p15,WM,36.829798857692325
P8,Flexion,t0p10,GM,42.20696037145364
P8,Flexion,t0p15,GM,31.58644131059918
P8,Flexion,t0p10,WM,49.47370131045142
P8,Flexion,t0p15,WM,37.092728880694864
P9,Extension,t0p10,GM,0.5482955061929367
P9,Extension,t0p15,GM,0.0
P9,Extension,t0p10,WM,6.297507383129688
P9,Extension,t0p15,WM,1.1013378685660566
P9,Flexion,t0p10,GM,3.4263271184105224
P9,Flexion,t0p15,GM,0.00042862541710326314
P9,Flexion,t0p10,WM,14.87518273070189
P9,Flexion,t0p15,WM,3.3974215068208893
