participant,loading_condition,state,pct_above
P1,Extension,PostOp,0.0
P1,Extension,PreOp,42.77424816528997
P1,Flexion,PostOp,0.0
P1,Flexion,PreOp,53.02084712636864
P2,Extension,PostOp,0.12085866889002994
P2,Extension,PreOp,27.241376600262864
P2,Flexion,PostOp,0.8672409747111354
P2,Flexion,PreOp,37.02124544943027
P3,Extension,PostOp,0.0
P3,Extension,PreOp,26.06251370039395
P3,Flexion,PostOp,2.784699369747964
P3,Flexion,PreOp,30.124542484715494
P4,Extension,PostOp,0.0
P4,Extension,PreOp,40.2138814968764
P4,Flexion,PostOp,3.72769499380064
P4,Flexion,PreOp,46.85692073975171
P5,Extension,PostOp,0.1892352031162173
P5,Extension,PreOp,23.26912499409581
P5,Flexion,PostOp,0.1892352031162173
P5,Flexion,PreOp,36.1049247580747
P6,Extension,PostOp,4.802784502406421
P6,Extension,PreOp,25.59518398689897
P6,Flexion,PostOp,0.39625022178366853
P6,Flexion,PreOp,25.136305548029608
P7,Extension,PostOp,4.583857673453675
P7,Extension,PreOp,43.787996942087275
P7,Flexion,PostOp,4.583857673453675
P7,Flexion,PreOp,47.16073078111654
P8,Extension,PostOp,0.7959453734215313
P8,Extension,PreOp,65.68699399714633
P8,Flexion,PostOp,0.0
P8,Flexion,PreOp,65.2487188564362
P9,Extension,PostOp,0.36640452623805203
P9,Extension,PreOp,21.45847642179479
P9,Flexion,PostOp,4.654853549710308
P9,Flexion,PreOp,28.852477870158292
P10,Extension,PostOp,0.010107898052523503
P10,Extension,PreOp,9.161071112036328
P10,Flexion,PostOp,7.815169904085258
P10,Flexion,PreOp,13.926966054502639
P11,Extension,PostOp,6.409966112992771
P11,Extension,PreOp,8.807301941086347
P11,Flexion,PostOp,6.409966112992771
P11,Flexion,PreOp,11.791711365730057
P12,Extension,PostOp,0.0
P12,Extension,PreOp,35.44269782204749
P12,Flexion,PostOp,0.0
P12,Flexion,PreOp,35.63946609252153
