participant,loading_condition,state,percentile,pct_above,peak_ivd_mps
P1,Extension,PostOp,t90,0.0,0.00163874
P1,Extension,PostOp,t95,0.0,0.00163874
P1,Extension,PostOp,t97,0.0,0.00163874
P1,Extension,PostOp,t99,0.0,0.00163874
P1,Extension,PreOp-NoPreload,t90,15.336981789662124,0.2748287
P1,Extension,PreOp-NoPreload,t95,8.425181120031894,0.2748287
P1,Extension,PreOp-NoPreload,t97,3.901052542303774,0.2748287
P1,Extension,PreOp-NoPreload,t99,0.3659624461122648,0.2748287
P1,Flexion,PostOp,t90,0.0,0.004204496
P1,Flexion,PostOp,t95,0.0,0.004204496
P1,Flexion,PostOp,t97,0.0,0.004204496
P1,Flexion,PostOp,t99,0.0,0.004204496
P1,Flexion,PreOp-NoPreload,t90,11.229214574311845,0.3944443
P1,Flexion,PreOp-NoPreload,t95,4.944863464234475,0.3944443
P1,Flexion,PreOp-NoPreload,t97,3.154794127431455,0.3944443
P1,Flexion,PreOp-NoPreload,t99,0.5904587541464466,0.3944443
P2,Extension,PostOp,t90,19.352977718095485,0.4182919
P2,Extension,PostOp,t95,8.277016080409863,0.4182919
P2,Extension,PostOp,t97,4.229324132295451,0.4182919
P2,Extension,PostOp,t99,0.27603184109581286,0.4182919
P2,Extension,PreOp-NoPreload,t90,24.81077681302433,0.6124495
P2,Extension,PreOp-NoPreload,t95,9.542798569570408,0.6124495
P2,Extension,PreOp-NoPreload,t97,6.674697808359733,0.6124495
P2,Extension,PreOp-NoPreload,t99,2.196216688148382,0.6124495
P2,Flexion,PostOp,t90,6.837968868881558,0.7138678
P2,Flexion,PostOp,t95,4.005669460637489,0.7138678
P2,Flexion,PostOp,t97,2.920449045397882,0.7138678
P2,Flexion,PostOp,t99,1.3920909907028258,0.7138678
P2,Flexion,PreOp-NoPreload,t90,8.39989249338116,0.9650519
P2,Flexion,PreOp-NoPreload,t95,5.704503522166852,0.9650519
P2,Flexion,PreOp-NoPreload,t97,4.135997043464614,0.9650519
P2,Flexion,PreOp-NoPreload,t99,1.8803326125043225,0.9650519
P3,Extension,PostOp,t90,10.950730327156089,0.6638278
P3,Extension,PostOp,t95,6.922981559017364,0.6638278
P3,Extension,PostOp,t97,4.747860007897982,0.6638278
P3,Extension,PostOp,t99,1.6743354442659546,0.6638278
P3,Extension,PreOp-NoPreload,t90,14.389188608899815,0.5806769
P3,Extension,PreOp-NoPreload,t95,6.278255492139766,0.5806769
P3,Extension,PreOp-NoPreload,t97,4.5865479562251315,0.5806769
P3,Extension,PreOp-NoPreload,t99,2.223090206823826,0.5806769
P3,Flexion,PostOp,t90,10.67369189060258,0.7102333
P3,Flexion,PostOp,t95,4.699363066865324,0.7102333
P3,Flexion,PostOp,t97,2.797064315906841,0.7102333
P3,Flexion,PostOp,t99,0.8793167509762759,0.7102333
P3,Flexion,PreOp-NoPreload,t90,7.628249026086342,0.6682864
P3,Flexion,PreOp-NoPreload,t95,4.5124729349298525,0.6682864
P3,Flexion,PreOp-NoPreload,t97,3.1434497503656442,0.6682864
P3,Flexion,PreOp-NoPreload,t99,1.3239828162506264,0.6682864
P4,Extension,PostOp,t90,8.798043477566482,0.3657626
P4,Extension,PostOp,t95,3.418563090868673,0.3657626
P4,Extension,PostOp,t97,1.564509507056487,0.3657626
P4,Extension,PostOp,t99,0.1846337968148328,0.3657626
P4,Extension,PreOp-NoPreload,t90,12.33413469055545,0.3124422
P4,Extension,PreOp-NoPreload,t95,5.0658477335081145,0.3124422
P4,Extension,PreOp-NoPreload,t97,1.2570151088378512,0.3124422
P4,Extension,PreOp-NoPreload,t99,0.11209688762583156,0.3124422
P4,Flexion,PostOp,t90,5.150903374102347,0.5547488
P4,Flexion,PostOp,t95,2.2279682479698435,0.5547488
P4,Flexion,PostOp,t97,1.21975529321874,0.5547488
P4,Flexion,PostOp,t99,0.36819867242509513,0.5547488
P4,Flexion,PreOp-NoPreload,t90,5.338552483466781,0.6098746
P4,Flexion,PreOp-NoPreload,t95,1.7936677700655572,0.6098746
P4,Flexion,PreOp-NoPreload,t97,0.9353635019005236,0.6098746
P4,Flexion,PreOp-NoPreload,t99,0.38422112624517707,0.6098746
P5,Extension,PostOp,t90,17.68369061848672,0.4549129
P5,Extension,PostOp,t95,11.349860058584989,0.4549129
P5,Extension,PostOp,t97,9.061522324116558,0.4549129
P5,Extension,PostOp,t99,5.441926454947768,0.4549129
P5,Extension,PreOp-NoPreload,t90,6.594968541371518,0.7309993
P5,Extension,PreOp-NoPreload,t95,4.097900070074559,0.7309993
P5,Extension,PreOp-NoPreload,t97,3.2158865888516246,0.7309993
P5,Extension,PreOp-NoPreload,t99,2.011933894207748,0.7309993
P5,Flexion,PostOp,t90,17.68369061848672,0.4549129
P5,Flexion,PostOp,t95,11.349860058584989,0.4549129
P5,Flexion,PostOp,t97,9.061522324116558,0.4549129
P5,Flexion,PostOp,t99,5.441926454947768,0.4549129
P5,Flexion,PreOp-NoPreload,t90,25.433140406150937,0.4358597
P5,Flexion,PreOp-NoPreload,t95,11.598716123465833,0.4358597
P5,Flexion,PreOp-NoPreload,t97,7.503356210869031,0.4358597
P5,Flexion,PreOp-NoPreload,t99,3.816680043800224,0.4358597
P6,Extension,PostOp,t90,19.64675407205713,0.2756609
P6,Extension,PostOp,t95,8.525837549967155,0.2756609
P6,Extension,PostOp,t97,4.221317160273197,0.2756609
P6,Extension,PostOp,t99,0.017485302206682186,0.2756609
P6,Extension,PreOp-NoPreload,t90,16.405587420970633,1.135583
P6,Extension,PreOp-NoPreload,t95,7.5421474276111375,1.135583
P6,Extension,PreOp-NoPreload,t97,2.8857480418233505,1.135583
P6,Extension,PreOp-NoPreload,t99,1.7435350857952812,1.135583
P6,Flexion,PostOp,t90,6.518485608082433,0.5084838
P6,Flexion,PostOp,t95,4.170604236445571,0.5084838
P6,Flexion,PostOp,t97,3.2012416187223733,0.5084838
P6,Flexion,PostOp,t99,1.4020260229441424,0.5084838
P6,Flexion,PreOp-NoPreload,t90,8.296721435358586,1.755064
P6,Flexion,PreOp-NoPreload,t95,5.154431603776419,1.755064
P6,Flexion,PreOp-NoPreload,t97,4.119060072989592,1.755064
P6,Flexion,PreOp-NoPreload,t99,2.407656733873941,1.755064
P7,Extension,PostOp,t90,9.5943731476862,1.092212
P7,Extension,PostOp,t95,5.486110940108741,1.092212
P7,Extension,PostOp,t97,3.179910712194583,1.092212
P7,Extension,PostOp,t99,0.3489387640371773,1.092212
P7,Extension,PreOp-NoPreload,t90,7.068200942531183,0.3652879
P7,Extension,PreOp-NoPreload,t95,4.119127817260568,0.3652879
P7,Extension,PreOp-NoPreload,t97,2.568285960370278,0.3652879
P7,Extension,PreOp-NoPreload,t99,0.21899425339948203,0.3652879
P7,Flexion,PostOp,t90,7.797579368540454,1.754047
P7,Flexion,PostOp,t95,4.211426395973458,1.754047
P7,Flexion,PostOp,t97,2.184811165115885,1.754047
P7,Flexion,PostOp,t99,0.274232391751884,1.754047
P7,Flexion,PreOp-NoPreload,t90,6.447316493368196,0.2554926
P7,Flexion,PreOp-NoPreload,t95,2.936466392476449,0.2554926
P7,Flexion,PreOp-NoPreload,t97,1.7983055526417293,0.2554926
P7,Flexion,PreOp-NoPreload,t99,0.18661023032851595,0.2554926
P8,Extension,PostOp,t90,20.949453426988985,0.3417411
P8,Extension,PostOp,t95,10.932324773727908,0.3417411
P8,Extension,PostOp,t97,4.703142142504969,0.3417411
P8,Extension,PostOp,t99,0.31988391950268213,0.3417411
P8,Extension,PreOp-NoPreload,t90,12.486425641404104,0.8876253
P8,Extension,PreOp-NoPreload,t95,6.827620932394525,0.8876253
P8,Extension,PreOp-NoPreload,t97,5.186991097471555,0.8876253
P8,Extension,PreOp-NoPreload,t99,1.4214049952656471,0.8876253
P8,Flexion,PostOp,t90,5.713257421901872,0.4718584
P8,Flexion,PostOp,t95,3.542882525342571,0.4718584
P8,Flexion,PostOp,t97,2.445081303840854,0.4718584
P8,Flexion,PostOp,t99,0.8498598478110587,0.4718584
P8,Flexion,PreOp-NoPreload,t90,7.123106063523558,0.9022557
P8,Flexion,PreOp-NoPreload,t95,3.539405602378081,0.9022557
P8,Flexion,PreOp-NoPreload,t97,2.385594954584751,0.9022557
P8,Flexion,PreOp-NoPreload,t99,0.9087435439141951,0.9022557
P9,Extension,PostOp,t90,9.095003202639843,0.3104894
P9,Extension,PostOp,t95,4.257473133797277,0.3104894
P9,Extension,PostOp,t97,2.433709635829596,0.3104894
P9,Extension,PostOp,t99,0.3124830131282951,0.3104894
P9,Extension,PreOp-NoPreload,t90,13.926217423897365,0.3667817
P9,Extension,PreOp-NoPreload,t95,5.2806775561046235,0.3667817
P9,Extension,PreOp-NoPreload,t97,2.524804716445921,0.3667817
P9,Extension,PreOp-NoPreload,t99,0.16569039204848757,0.3667817
P9,Flexion,PostOp,t90,5.806168621348481,0.4855695
P9,Flexion,PostOp,t95,3.290062100868786,0.4855695
P9,Flexion,PostOp,t97,2.051877448283786,0.4855695
P9,Flexion,PostOp,t99,0.6479753285110699,0.4855695
P9,Flexion,PreOp-NoPreload,t90,4.381658711501827,0.4788648
P9,Flexion,PreOp-NoPreload,t95,2.1405250210773814,0.4788648
P9,Flexion,PreOp-NoPreload,t97,1.455482486018157,0.4788648
P9,Flexion,PreOp-NoPreload,t99,0.6406612408196025,0.4788648
P10,Extension,PostOp,t90,5.221098483766913,0.3119751
P10,Extension,PostOp,t95,2.4364898085123663,0.3119751
P10,Extension,PostOp,t97,0.9052702962042691,0.3119751
P10,Extension,PostOp,t99,0.07737274618597374,0.3119751
P10,Extension,PreOp-NoPreload,t90,8.999434759198321,0.340924
P10,Extension,PreOp-NoPreload,t95,4.761670709441437,0.340924
P10,Extension,PreOp-NoPreload,t97,1.4458697690191908,0.340924
P10,Extension,PreOp-NoPreload,t99,0.08237455133967037,0.340924
P10,Flexion,PostOp,t90,5.881770965997733,0.2550984
P10,Flexion,PostOp,t95,2.3139826759559283,0.2550984
P10,Flexion,PostOp,t97,0.6367196993446315,0.2550984
P10,Flexion,PostOp,t99,0.03299277393974906,0.2550984
P10,Flexion,PreOp-NoPreload,t90,3.381736174070786,0.3561108
P10,Flexion,PreOp-NoPreload,t95,0.8461685519290855,0.3561108
P10,Flexion,PreOp-NoPreload,t97,0.2652156463709453,0.3561108
P10,Flexion,PreOp-NoPreload,t99,0.03807862511365695,0.3561108
P11,Extension,PostOp,t90,6.338166794362989,0.3601078
P11,Extension,PostOp,t95,2.844984919996882,0.3601078
P11,Extension,PostOp,t97,1.4541305573774583,0.3601078
P11,Extension,PostOp,t99,0.1980265213930518,0.3601078
P11,Extension,PreOp-NoPreload,t90,15.199174538704417,0.2272832
P11,Extension,PreOp-NoPreload,t95,4.456898111287278,0.2272832
P11,Extension,PreOp-NoPreload,t97,0.9450750835593222,0.2272832
P11,Extension,PreOp-NoPreload,t99,0.0,0.2272832
P11,Flexion,PostOp,t90,6.338166794362989,0.3601078
P11,Flexion,PostOp,t95,2.844984919996882,0.3601078
P11,Flexion,PostOp,t97,1.4541305573774583,0.3601078
P11,Flexion,PostOp,t99,0.1980265213930518,0.3601078
P11,Flexion,PreOp-NoPreload,t90,4.074459040672923,0.3721501
P11,Flexion,PreOp-NoPreload,t95,1.5233762175280963,0.3721501
P11,Flexion,PreOp-NoPreload,t97,0.8691285405635042,0.3721501
P11,Flexion,PreOp-NoPreload,t99,0.15767081102869984,0.3721501
P12,Extension,PostOp,t90,13.08078027829635,0.2910532
P12,Extension,PostOp,t95,8.278073962213496,0.2910532
P12,Extension,PostOp,t97,5.567192375315693,0.2910532
P12,Extension,PostOp,t99,0.287465937681019,0.2910532
P12,Extension,PreOp-NoPreload,t90,13.273816192509331,0.4559922
P12,Extension,PreOp-NoPreload,t95,8.49839495400692,0.4559922
P12,Extension,PreOp-NoPreload,t97,6.380737009577362,0.4559922
P12,Extension,PreOp-NoPreload,t99,2.020223174801778,0.4559922
P12,Flexion,PostOp,t90,9.887330114126858,0.5307394
P12,Flexion,PostOp,t95,6.4191883650627,0.5307394
P12,Flexion,PostOp,t97,4.777847148971062,0.5307394
P12,Flexion,PostOp,t99,1.8292038357086144,0.5307394
P12,Flexion,PreOp-NoPreload,t90,9.963347811162416,0.9317437
P12,Flexion,PreOp-NoPreload,t95,6.584695164546706,0.9317437
P12,Flexion,PreOp-NoPreload,t97,4.510143034569734,0.9317437
P12,Flexion,PreOp-NoPreload,t99,1.8631619905150147,0.9317437
