participant,loading_condition,pct_above_t90,pct_above_t95,pct_above_t99
P1,Extension,1.9903465757166572,0.0,0.0
P1,Flexion,9.136640458132435,2.411167901234843,0.009333441289795444
P2,Extension,12.061155903457323,8.445053059588961,0.2940682207632723
P2,Flexion,13.92238521502228,8.985369597537153,0.3167836121615817
P3,Extension,0.06672490464110428,0.006650633438171522,0.0
P3,Flexion,0.818500702502116,0.08626875399873782,0.002302464327282204
P4,Extension,14.781901329432982,2.561964712404884,0.031480727908894855
P4,Flexion,19.11806870842192,4.03923645644694,0.12338154434318846
P5,Extension,6.359357818054826,2.9436254256351777,0.02908102578073905
P5,Flexion,10.038807365548916,3.2272583426943378,0.02910193389813335
P6,Extension,6.662997037984267,0.7044326847342668,0.0
P6,Flexion,7.431810028175272,1.2454932774590786,0.0
P7,Extension,21.746848123207087,14.075199517686734,1.1925952967655211
P7,Flexion,22.072277686458456,15.467563797822747,1.1220326880057663
P8,Extension,38.71524395798094,31.863325058367252,14.435943614151995
P8,Flexion,38.860357785885306,32.21560315250268,15.065698938184136
P9,Extension,1.4955263237797216,0.31456089702753587,0.0
P9,Flexion,4.918904393441297,1.2159741558725763,0.0
P10,Extension,2.8664064055531107,0.03289432916220826,0.0
P10,Flexion,4.4136436592107575,0.7313193131722453,0.0
P11,Extension,0.08614735207507151,0.0,0.0
P11,Flexion,1.0603595048545338,0.05318700676547369,0.0
P12,Extension,10.286040836817447,6.2745167165738795,0.013465105166558466
P12,Flexion,10.664748641402022,6.292820092989081,0.09891613552054683
