participant,loading_condition,threshold,state,n_blobs,median_r,max_r,total_volume,max_blob_volume,pct_volume_in_largest_blob
P1,Extension,t0p01,preop-nopreload,2,1.4966236084268147,1.8767338164914105,33.5184821,27.6883227,82.60613537747284
P1,Extension,t0p02,preop-nopreload,2,1.1697062174669965,1.5134177777145923,16.8805381,14.5199494,86.01591557084309
P1,Extension,t0p03,preop-nopreload,2,0.9917750789901347,1.3408625134032408,11.2100975,10.0981393,90.08074461439787
P1,Extension,t0p04,preop-nopreload,2,0.7733557544638603,1.1613278256750261,6.8004997000000005,6.5607442,96.47444290012982
P1,Extension,t0p05,preop-nopreload,1,1.0094231152203659,1.0094231152203659,4.3083238999999995,4.3083238999999995,100.0
P1,Flexion,t0p01,preop-nopreload,2,4.427665093954696,8.532076177270762,2601.8149218199997,2601.67343357,99.99456194025127
P1,Flexion,t0p02,preop-nopreload,3,3.0062328771015108,7.2557369103140195,1720.96563062,1600.04865972,92.97388810394557
P1,Flexion,t0p03,preop-nopreload,3,2.6831325636287002,6.351899997612312,1154.83949405,1073.49386185,92.95610925854966
P1,Flexion,t0p04,preop-nopreload,5,2.1723435391470787,5.302051074196461,755.25872169,624.33880689,82.66555406244791
P1,Flexion,t0p05,preop-nopreload,7,1.085613561637338,4.948609936253368,578.24616358,507.6194775,87.78605193975855
P10,Extension,t0p01,postop,1,1.0317573091248446,1.0317573091248446,4.600672,4.600672,100.0
P10,Extension,t0p01,preop-nopreload,2,2.6053855469100298,4.076622609734832,289.896261169,283.785457099,97.89207213457726
P10,Extension,t0p02,postop,1,0.8684257671586743,0.8684257671586743,2.7433847,2.7433847,100.00000000000001
P10,Extension,t0p02,preop-nopreload,2,2.2516915811917873,3.5767772550329626,195.007008441,191.674480471,98.29107271751812
P10,Extension,t0p03,postop,1,0.7015324003718822,0.7015324003718822,1.4462115,1.4462115,100.0
P10,Extension,t0p03,preop-nopreload,2,1.8510462049489371,3.0134070708272995,115.98863085,114.62042601,98.8203974562219
P10,Extension,t0p04,postop,1,0.5679219433980006,0.5679219433980006,0.7672812,0.7672812,100.0
P10,Extension,t0p04,preop-nopreload,4,0.6731638948954679,2.6879182651863616,84.582157344,81.346109069,96.1740769251855
P10,Extension,t0p05,postop,1,0.5028269158260473,0.5028269158260473,0.5325301,0.5325301,100.0
P10,Extension,t0p05,preop-nopreload,5,0.41408948150533653,2.5266438856928857,69.070141218,67.564834128,97.82061095655077
P10,Flexion,t0p01,postop,2,5.254801813880145,7.939294554950306,2167.336568742,2096.207903842,96.71815324274783
P10,Flexion,t0p01,preop-nopreload,2,3.2298404965416276,6.119267741051593,959.979007138,959.813769878,99.98278740901922
P10,Flexion,t0p02,postop,3,2.057718244834087,6.978136619890809,1461.367034962,1423.334620662,97.39747692468039
P10,Flexion,t0p02,preop-nopreload,4,1.3098734805480725,4.739327651881732,491.318712706,445.901376416,90.75603368740867
P10,Flexion,t0p03,postop,3,1.6623999329308219,6.009459496488297,929.223709462,909.064809962,97.83056552531666
P10,Flexion,t0p03,preop-nopreload,4,2.1871240546006674,3.5551474779441947,299.249718116,188.21813814,62.89668017900684
P10,Flexion,t0p04,postop,4,1.0930520750209463,5.2182149575713765,606.755053782,595.188464282,98.09369704827284
P10,Flexion,t0p04,preop-nopreload,6,1.7722989546344836,2.89111612249893,197.610989297,101.22440113,51.22407488070641
P10,Flexion,t0p05,postop,3,0.9888963654379246,4.58989144404514,411.738740232,405.038076232,98.37259326236233
P10,Flexion,t0p05,preop-nopreload,8,0.553663240783445,2.7256721028152273,138.13155812899998,84.82218135,61.40680847948245
P11,Extension,t0p01,postop,1,6.676483365265402,6.676483365265402,1246.613779665,1246.613779665,100.0
P11,Extension,t0p01,preop-nopreload,1,0.5504884295154415,0.5504884295154415,0.6987683,0.6987683,100.0
P11,Extension,t0p02,postop,1,5.844204612714744,5.844204612714744,836.112752545,836.112752545,99.99999999999999
P11,Extension,t0p02,preop-nopreload,1,0.3395213728122754,0.3395213728122754,0.1639419,0.1639419,100.00000000000001
P11,Extension,t0p03,postop,1,5.215723264594346,5.215723264594346,594.336265457,594.336265457,100.0
P11,Extension,t0p04,postop,2,2.4474375670422015,4.513205122274119,385.30656308,385.07367207,99.93955695741636
P11,Extension,t0p05,postop,3,2.0899234023238273,3.759667480618203,261.7919127,222.60602629,85.03166656072182
P11,Flexion,t0p01,postop,1,6.676483365265402,6.676483365265402,1246.613779665,1246.613779665,100.0
P11,Flexion,t0p01,preop-nopreload,1,5.091062187994514,5.091062187994514,552.73099067,552.73099067,100.0
P11,Flexion,t0p02,postop,1,5.844204612714744,5.844204612714744,836.112752545,836.112752545,99.99999999999999
P11,Flexion,t0p02,preop-nopreload,3,2.272904939755933,3.65556832337851,255.51950176,204.62247127,80.08096049834754
P11,Flexion,t0p03,postop,1,5.215723264594346,5.215723264594346,594.336265457,594.336265457,100.0
P11,Flexion,t0p03,preop-nopreload,3,2.0731691462784796,2.7604723747777156,136.11041942,88.1127641,64.73623729577074
P11,Flexion,t0p04,postop,2,2.4474375670422015,4.513205122274119,385.30656308,385.07367207,99.93955695741636
P11,Flexion,t0p04,preop-nopreload,2,2.250944571002548,2.5945804065438884,102.2264953,73.1627484,71.56926214216013
P11,Flexion,t0p05,postop,3,2.0899234023238273,3.759667480618203,261.7919127,222.60602629,85.03166656072182
P11,Flexion,t0p05,preop-nopreload,2,2.1105231746600612,2.4436167249185683,84.642183,61.1206376,72.2106111086478
P12,Extension,t0p01,preop-nopreload,2,1.9786454671909213,2.409856607115339,74.14341350000001,58.6222137,79.06597623806462
P12,Extension,t0p02,preop-nopreload,2,1.6313518141483778,2.0354377459473993,43.066282799999996,35.323366,82.02093076860584
P12,Extension,t0p03,preop-nopreload,3,1.076766321997266,1.6223299724803861,27.9286678,17.88571,64.04068438953611
P12,Extension,t0p04,preop-nopreload,3,0.9460385775904739,1.4496286239221867,19.3624361,12.760241,65.9020431835021
P12,Extension,t0p05,preop-nopreload,4,0.8005439783094973,1.3241991172775982,14.9455241,9.7263186,65.07847121935323
P12,Flexion,t0p01,preop-nopreload,5,2.1114830998028666,2.1353821347175637,132.17176222,40.7864047,30.85863728752515
P12,Flexion,t0p02,preop-nopreload,5,1.7448087304910826,1.910490041186885,79.8047791,29.2094207,36.60109210176361
P12,Flexion,t0p03,preop-nopreload,5,1.5259463760068441,1.7267514494390723,56.8056037,21.5664219,37.965307109305485
P12,Flexion,t0p04,preop-nopreload,6,1.2169987550445913,1.4068540260948215,38.0038548,11.6636834,30.690790345825658
P12,Flexion,t0p05,preop-nopreload,6,1.0561879912710657,1.2342213347972217,25.801439600000002,7.8753118,30.5227612183314
P2,Extension,t0p01,postop,1,2.310566489749935,2.310566489749935,51.6706614,51.6706614,100.0
P2,Extension,t0p01,preop-nopreload,4,1.1887118464883564,2.5556598684502645,89.89303769,69.91941229,77.78067588629065
P2,Extension,t0p02,postop,1,1.9087061148068825,1.9087061148068825,29.1276739,29.1276739,100.0
P2,Extension,t0p02,preop-nopreload,3,1.2146325926272965,2.113383493662491,48.9638383,39.5388053,80.75103315583003
P2,Extension,t0p03,postop,1,1.4560806687759404,1.4560806687759404,12.9313813,12.9313813,100.0
P2,Extension,t0p03,preop-nopreload,2,1.390496997685291,1.9099013243123553,31.9511633,29.1824264,91.33447231951018
P2,Extension,t0p04,postop,1,1.323021114927771,1.323021114927771,9.7003842,9.7003842,100.0
P2,Extension,t0p04,preop-nopreload,2,1.267056534391568,1.7203452593673934,23.5845836,21.3272792,90.42889864716543
P2,Extension,t0p05,postop,2,0.8461907348536599,0.9880988703743672,5.5042959,4.041009,73.41554802676941
P2,Extension,t0p05,preop-nopreload,3,0.8137678094157426,1.5175757027824661,17.351671,14.6399537,84.37201062652697
P2,Flexion,t0p01,postop,2,2.601179325333189,3.3722455957111457,186.31293106,160.6372267,86.21904329778837
P2,Flexion,t0p01,preop-nopreload,1,6.171257787346589,6.171257787346589,984.48629351,984.48629351,100.0
P2,Flexion,t0p02,postop,2,2.2018154023990144,2.8365893006854326,111.72312781000001,95.6044243,85.57263493606088
P2,Flexion,t0p02,preop-nopreload,3,3.3101636570687742,4.761381569628366,627.65854355,452.15524075,72.03841091569254
P2,Flexion,t0p03,postop,2,1.9621452362325016,2.517746190063953,78.5095278,66.8535466,85.15341828358315
P2,Flexion,t0p03,preop-nopreload,3,2.8843684663413116,4.399771279397343,474.67398096000005,356.76226342,75.15943104748852
P2,Flexion,t0p04,postop,2,1.7836375759609324,2.2458275080371344,57.1138032,47.4479879,83.07621842980332
P2,Flexion,t0p04,preop-nopreload,3,2.64615295793059,4.00816608605257,360.94660961000005,269.72781636,74.72789858074545
P2,Flexion,t0p05,postop,2,1.5858324599093248,1.9765954158824088,39.4969677,32.3475923,81.89892587627683
P2,Flexion,t0p05,preop-nopreload,3,2.3979877125836992,3.7094503919975716,282.90042357,213.80473138,75.57596721911476
P3,Extension,t0p01,postop,1,0.7317871077077478,0.7317871077077478,1.6415075,1.6415075,100.0
P3,Extension,t0p01,preop-nopreload,1,0.5840628848688774,0.5840628848688774,0.8345789699999999,0.8345789699999999,100.0
P3,Extension,t0p02,postop,1,0.7317871077077478,0.7317871077077478,1.6415075,1.6415075,100.0
P3,Extension,t0p02,preop-nopreload,1,0.4742047497212238,0.4742047497212238,0.44666951,0.44666951,100.0
P3,Extension,t0p03,postop,1,0.4512700417773091,0.4512700417773091,0.3849445,0.3849445,100.0
P3,Flexion,t0p01,postop,2,3.5750682829763414,5.392132445219484,679.46365197,656.70490877,96.65048407902108
P3,Flexion,t0p01,preop-nopreload,6,1.0025926580285047,4.946093834239233,679.011808459,506.845579506,74.64458985717393
P3,Flexion,t0p02,postop,4,1.6553990780298,3.985689143170523,322.96847454000005,265.21548674,82.11807270593302
P3,Flexion,t0p02,preop-nopreload,4,1.8295476463526792,3.8671587073738367,318.953206377,242.25045235300001,75.95172191705826
P3,Flexion,t0p03,postop,6,1.268090820289789,3.0496165649989497,181.49973903,118.80215628,65.45582760334617
P3,Flexion,t0p03,preop-nopreload,4,1.8828895777802463,2.964261849784893,177.572488304,109.10340465,61.441615022715396
P3,Flexion,t0p04,postop,6,0.900601550013871,2.8453649342892637,134.28672462,96.4944943,71.85706150258474
P3,Flexion,t0p04,preop-nopreload,4,1.431494679196794,2.766722980104687,125.377712234,88.71266811,70.75633023549686
P3,Flexion,t0p05,postop,4,1.2795593688788962,2.6721116669537723,106.3040685,79.9194376,75.18003659474236
P3,Flexion,t0p05,preop-nopreload,3,1.6971728757660343,2.568846288359193,92.70251707,71.00729424,76.5969430866501
P4,Extension,t0p01,preop-nopreload,4,1.5888503658537942,5.676010598350473,801.6979607119999,765.981362002,95.54488093267949
P4,Extension,t0p02,preop-nopreload,5,1.4349036389460972,3.99899241202241,307.42976755,267.88003655,87.13536060115985
P4,Extension,t0p03,preop-nopreload,4,1.2357181391334864,3.5822896480720416,209.21536801,192.56205121,92.04010825858451
P4,Extension,t0p04,preop-nopreload,3,1.1573531667037174,3.2361097606112637,150.65387600000003,141.957499,94.22757831998958
P4,Extension,t0p05,preop-nopreload,3,0.9600677007829446,2.939650374714746,110.8785584,106.4083361,95.96836181448765
P4,Flexion,t0p01,postop,2,4.57972004158592,7.223399124407193,1609.14740485,1578.75029925,98.11098066538946
P4,Flexion,t0p01,preop-nopreload,4,0.9143132194141939,8.081926066418808,2221.6135020730003,2211.226492053,99.53245647767679
P4,Flexion,t0p02,postop,2,3.799835085254701,6.067182830501471,950.58882605,935.51306325,98.41406059203908
P4,Flexion,t0p02,preop-nopreload,4,0.8155344533129055,6.808113148050717,1327.203539395,1321.809607225,99.59358666475084
P4,Flexion,t0p03,postop,3,2.895185593160872,4.7247481417935955,556.3153021,441.79886719,79.41519234187535
P4,Flexion,t0p03,preop-nopreload,4,0.7618552232135698,5.611876581278597,744.333272469,740.308853339,99.45932564365278
P4,Flexion,t0p04,postop,3,2.2537006463791402,3.978668891309861,320.43568117999996,263.81653018,82.33057230346485
P4,Flexion,t0p04,preop-nopreload,4,1.3713516396556256,4.84491546283514,509.11762985900003,476.37308959,93.56837431104701
P4,Flexion,t0p05,postop,5,1.052492719158253,3.2322046309388903,181.5410192,141.4442033,77.91308208101103
P4,Flexion,t0p05,preop-nopreload,3,0.2958514328392505,4.600083095569642,407.955140039,407.74217925,99.94779798852892
P5,Extension,t0p01,postop,1,2.6312446649561787,2.6312446649561787,76.3083929,76.3083929,100.0
P5,Extension,t0p01,preop-nopreload,3,2.4015593663826196,3.7884159448282726,295.88891962,227.75167347000001,76.97201833799443
P5,Extension,t0p02,postop,1,2.1828993648975343,2.1828993648975343,43.57022,43.57022,100.0
P5,Extension,t0p02,preop-nopreload,5,1.6683882015278355,2.502087289448418,119.14890169,65.61391919,55.0688409706985
P5,Extension,t0p03,postop,1,1.890159864168045,1.890159864168045,28.2868261,28.2868261,100.0
P5,Extension,t0p03,preop-nopreload,5,1.12410521257252,2.245750449653382,68.20581997,47.44310399,69.55873268713377
P5,Extension,t0p04,postop,1,1.657795502171437,1.657795502171437,19.0845305,19.0845305,100.0
P5,Extension,t0p04,preop-nopreload,5,0.8624763935886497,2.087059463479381,50.0938011,38.07966141,76.01671379255745
P5,Extension,t0p05,postop,1,1.282443662327528,1.282443662327528,8.8349378,8.8349378,100.0
P5,Extension,t0p05,preop-nopreload,5,0.6302327869811543,1.9612204515761555,35.270442010000004,31.5986006,89.5894658508704
P5,Flexion,t0p01,postop,1,2.6312446649561787,2.6312446649561787,76.3083929,76.3083929,100.0
P5,Flexion,t0p01,preop-nopreload,1,7.9211741464021355,7.9211741464021355,2081.88767094,2081.88767094,100.0
P5,Flexion,t0p02,postop,1,2.1828993648975343,2.1828993648975343,43.57022,43.57022,100.0
P5,Flexion,t0p02,preop-nopreload,3,1.4698570188746558,7.118767105628423,1525.87221751,1511.13395511,99.03410900133889
P5,Flexion,t0p03,postop,1,1.890159864168045,1.890159864168045,28.2868261,28.2868261,100.0
P5,Flexion,t0p03,preop-nopreload,3,1.2740170882968342,6.306671731221249,1060.3345551700002,1050.72553717,99.09377488895855
P5,Flexion,t0p04,postop,1,1.657795502171437,1.657795502171437,19.0845305,19.0845305,100.0
P5,Flexion,t0p04,preop-nopreload,4,0.9070429053705946,5.5641209145922454,730.14216453,721.56969763,98.8259181134241
P5,Flexion,t0p05,postop,1,1.282443662327528,1.282443662327528,8.8349378,8.8349378,100.0
P5,Flexion,t0p05,preop-nopreload,6,1.0664105864427058,4.869366786154326,502.87272375,483.62203107,96.17185586514923
P6,Extension,t0p01,postop,2,3.5354816964363334,5.251971231165043,632.02452448,606.81404578,96.01115499105957
P6,Extension,t0p01,preop-nopreload,2,3.366428454190732,4.202811421294769,378.800803638,310.962715898,82.0913559083076
P6,Extension,t0p02,postop,2,3.108945071637259,4.7585337438581705,464.36326398,451.34441138,97.19640772432837
P6,Extension,t0p02,preop-nopreload,7,0.32810734225567956,3.3291231833928965,183.549991653,154.553272293,84.20227693890713
P6,Extension,t0p03,postop,2,2.785538867098637,4.311397959747282,344.06627828,335.69350988,97.5665245539738
P6,Extension,t0p03,preop-nopreload,4,1.1307533200660589,2.9153545658920486,116.681228467,103.791730547,88.95323773211265
P6,Extension,t0p04,postop,2,2.4723255505273203,3.829479481389926,241.04736658,235.23820128,97.59003162638908
P6,Extension,t0p04,preop-nopreload,7,0.5849814747540754,2.6556689469214496,83.57694806299999,78.45315534,93.8693708710951
P6,Extension,t0p05,postop,2,2.269397702641186,3.4853567239454057,182.24648599,177.34964059,97.31306457109484
P6,Extension,t0p05,preop-nopreload,3,0.7949010457376214,2.5054339011865863,68.19653155,65.87755285,96.59956504048921
P6,Flexion,t0p01,postop,1,3.223887744047955,3.223887744047955,140.35514688,140.35514688,100.0
P6,Flexion,t0p01,preop-nopreload,3,1.5641624827583833,4.638195526316916,436.4770356456,417.9610074356,95.75784595800953
P6,Flexion,t0p02,postop,1,2.44976164251114,2.44976164251114,61.58289488,61.58289488,100.0
P6,Flexion,t0p02,preop-nopreload,5,0.6200875493688619,3.7093572168176543,220.9740037046,213.7886205346,96.74831290127436
P6,Flexion,t0p03,postop,1,2.0192190985401353,2.0192190985401353,34.48569201,34.48569201,100.0
P6,Flexion,t0p03,preop-nopreload,7,0.552172017923731,3.0722262194970247,130.61517589230002,121.464168947,92.9939175269759
P6,Flexion,t0p04,postop,2,1.197781094839386,1.6503408602593523,20.5618153,18.8282331,91.5689243643775
P6,Flexion,t0p04,preop-nopreload,6,0.4108335425528041,2.8496193060825483,99.7578680387,96.92797568,97.16323893609858
P6,Flexion,t0p05,postop,1,1.5311426614715382,1.5311426614715382,15.036113,15.036113,100.0
P6,Flexion,t0p05,preop-nopreload,3,0.6848698577056427,2.5502908762094534,71.22843828,69.47967221,97.54484850120457
P7,Extension,t0p01,postop,5,1.7124723208761032,5.9403403919007,972.784538816,878.056786456,90.26220621523288
P7,Extension,t0p01,preop-nopreload,4,1.7543810124709647,4.822297896212325,522.334340756,469.732614516,89.92949110643063
P7,Extension,t0p02,postop,8,0.6360536498507874,4.938311983347945,550.491134884,504.457031344,91.63763035898837
P7,Extension,t0p02,preop-nopreload,11,0.9410089153804191,2.968049198194431,243.15364018500003,109.52213363,45.04235821708103
P7,Extension,t0p03,postop,10,1.1259766804550562,3.515558021336411,321.62546422500003,182.00001312,56.58756328842108
P7,Extension,t0p03,preop-nopreload,9,1.0835199506965436,2.646232828867397,165.52671329999998,77.61984446,46.89263920761967
P7,Extension,t0p04,postop,11,0.8421045959204715,3.242669154251882,184.246732527,142.82246699,77.51696056214752
P7,Extension,t0p04,preop-nopreload,8,1.0115219578131303,2.330148030539651,104.7355662,52.99551844,50.59935260081689
P7,Extension,t0p05,postop,13,0.600919988728237,3.0646775915896316,134.89380351,120.5710347,89.38218922047207
P7,Extension,t0p05,preop-nopreload,7,0.9790725446080489,2.081648899800561,73.34224110000001,37.7842715,51.51774875338518
P7,Flexion,t0p01,postop,5,1.7124723208761032,5.9403403919007,972.784538816,878.056786456,90.26220621523288
P7,Flexion,t0p01,preop-nopreload,5,1.7124723208761032,5.9403403919007,972.784538816,878.056786456,90.26220621523288
P7,Flexion,t0p02,postop,8,0.6360536498507874,4.938311983347945,550.491134884,504.457031344,91.63763035898837
P7,Flexion,t0p02,preop-nopreload,8,0.6360536498507874,4.938311983347945,550.491134884,504.457031344,91.63763035898837
P7,Flexion,t0p03,postop,10,1.1259766804550562,3.515558021336411,321.62546422500003,182.00001312,56.58756328842108
P7,Flexion,t0p03,preop-nopreload,10,1.1259766804550562,3.515558021336411,321.62546422500003,182.00001312,56.58756328842108
P7,Flexion,t0p04,postop,11,0.8421045959204715,3.242669154251882,184.246732527,142.82246699,77.51696056214752
P7,Flexion,t0p04,preop-nopreload,11,0.8421045959204715,3.242669154251882,184.246732527,142.82246699,77.51696056214752
P7,Flexion,t0p05,postop,13,0.600919988728237,3.0646775915896316,134.89380351,120.5710347,89.38218922047207
P7,Flexion,t0p05,preop-nopreload,13,0.600919988728237,3.0646775915896316,134.89380351,120.5710347,89.38218922047207
P8,Extension,t0p01,postop,3,1.081252084980175,2.6486391084252676,87.87769342000001,77.83178152,88.56830270682359
P8,Extension,t0p01,preop-nopreload,3,2.751477682023708,2.8081826622000863,200.11559106,92.76083948,46.35362941420582
P8,Extension,t0p02,postop,3,0.9156031839939094,2.242638362280453,51.71020159,47.24614189,91.36715858237288
P8,Extension,t0p02,preop-nopreload,5,1.1527049227825108,2.4726909173484284,112.53599326,63.32834086,56.27385428028167
P8,Extension,t0p03,postop,4,0.6789541942424818,2.032910297679015,37.9851386,35.1919439,92.64661179885756
P8,Extension,t0p03,preop-nopreload,6,1.0890080071364572,2.11927280520986,61.9856891,39.8702726,64.32173809615678
P8,Extension,t0p04,postop,3,0.6370233893253945,1.9358411141650258,31.8314557,30.3876935,95.46435383412265
P8,Extension,t0p04,preop-nopreload,4,0.9848781811590002,1.9261750807730817,40.2035451,29.9347675,74.45802957311841
P8,Extension,t0p05,postop,2,1.158643610466124,1.8293384873999996,26.1297614,25.6431176,98.13758804548442
P8,Extension,t0p05,preop-nopreload,4,0.7095879596689301,1.6998552261693538,24.2053181,20.574269,84.99896144723667
P8,Flexion,t0p01,preop-nopreload,1,3.541981722916805,3.541981722916805,186.134791369,186.134791369,100.00000000000001
P8,Flexion,t0p02,preop-nopreload,5,0.6445656534746542,2.3933328339340356,76.827284104,57.424590384,74.74504800438494
P8,Flexion,t0p03,preop-nopreload,2,1.626033847204806,2.1236406933737286,46.13609031,40.11730271,86.95427471301046
P8,Flexion,t0p04,preop-nopreload,2,1.4888437521409457,1.9297110786453122,34.9209964,30.0999296,86.1943607084476
P8,Flexion,t0p05,preop-nopreload,2,1.4181511349804785,1.788325844324378,28.7778536,23.9567868,83.24730236309215
P9,Extension,t0p01,postop,2,1.3994298408435508,2.1127301844690543,40.8551771,39.5021488,96.68823293388685
P9,Extension,t0p01,preop-nopreload,2,3.806115247135918,4.457775796190242,502.53980502800005,371.059260628,73.83679002448883
P9,Extension,t0p02,postop,1,1.736312984842551,1.736312984842551,21.92666839,21.92666839,100.0
P9,Extension,t0p02,preop-nopreload,5,2.018251806552952,3.1293868280854342,211.685516348,128.370833198,60.64223732102911
P9,Extension,t0p03,postop,1,1.688613729829657,1.688613729829657,20.1687767,20.1687767,100.0
P9,Extension,t0p03,preop-nopreload,5,1.5097441568645191,2.7030918925566567,130.92849357699998,82.731526777,63.18832861873951
P9,Extension,t0p04,postop,1,1.6074869476526985,1.6074869476526985,17.399267899999998,17.399267899999998,100.0
P9,Extension,t0p04,preop-nopreload,9,0.8023602623224443,2.508404995690193,84.39205562500001,66.1121956,78.3393592090855
P9,Extension,t0p05,postop,1,1.5612033852661285,1.5612033852661285,15.9392199,15.9392199,100.0
P9,Extension,t0p05,preop-nopreload,3,0.7577028736895567,2.4110868723038767,61.695872300000005,58.7120419,95.16364662859301
P9,Flexion,t0p01,postop,2,3.495866262166167,6.388948684752277,1093.3051503400002,1092.38771934,99.91608646499883
P9,Flexion,t0p01,preop-nopreload,4,1.6558203962845153,7.278772710976288,1690.2712539979998,1615.336787908,95.56671948879463
P9,Flexion,t0p02,postop,2,3.0831249715981714,4.8785459817946615,495.30630471999996,486.36220352,98.19422827556048
P9,Flexion,t0p02,preop-nopreload,2,4.270550421596867,6.3640642984868965,1122.893211738,1079.673111738,96.15100531838603
P9,Flexion,t0p03,postop,1,4.290549810868807,4.290549810868807,330.8471928,330.8471928,100.00000000000001
P9,Flexion,t0p03,preop-nopreload,3,1.950690499014656,5.536536471569696,743.0103771280001,710.891145228,95.67714894855813
P9,Flexion,t0p04,postop,1,3.891074824851403,3.891074824851403,246.7728383,246.7728383,100.0
P9,Flexion,t0p04,preop-nopreload,4,1.5286499330885408,4.666206376086007,459.63718269199995,425.579242902,92.590255733766
P9,Flexion,t0p05,postop,3,1.3446045603304946,3.5713330047971246,202.4940442,190.8005628,94.22527144134149
P9,Flexion,t0p05,preop-nopreload,6,0.8079490412250093,4.340959678497105,355.784746091,342.64615669,96.30715213472375
