participant,loading_condition,pct_above_t0p05,pct_above_t0p10,pct_above_t0p15,pct_above_t0p20
P1,Extension,42.77424816528997,9.844075027455935,0.0368806384791771,0.0
P1,Flexion,53.02084712636864,18.12302376253868,5.088564150589834,1.1686214412920817
P1,Oscillation,44.09369894235601,10.751133997990067,0.6841707331329072,0.009417995989295805
P2,Extension,27.241376600262864,13.88716917575433,9.837056623020478,6.521222207506838
P2,Flexion,37.02124544943027,17.687949643055923,11.179920344791393,6.883052583166006
P2,Oscillation,25.989240233753645,12.419586569464162,9.612826219056434,6.481411882265654
P3,Extension,26.06251370039395,5.684595457000873,0.03168527382445597,0.0
P3,Flexion,30.124542484715494,7.158587107311661,0.3714826232857798,0.04662634182485807
P3,Oscillation,26.23364035115852,5.766343072583157,0.0013509843392321456,0.0
P4,Extension,40.2138814968764,25.942535814055375,7.812440176230745,1.0641849592991486
P4,Flexion,46.85692073975171,30.174036913199856,10.641920230866734,1.8473154468374577
P4,Oscillation,40.57426224869199,26.318481289077706,8.986966970697292,1.61864858187196
P5,Extension,28.019343576054517,13.32224104704982,7.163529796344241,1.5466847558661025
P5,Flexion,40.096272741480746,23.33055695852712,10.915714365371718,3.836181541542149
P5,Oscillation,26.977730818806915,10.819830959018134,6.644922443555524,1.674821775885824
P6,Extension,25.59518398689897,12.04358842184652,2.5990408155264855,0.20501611167032366
P6,Flexion,25.136305548029608,11.27383283016036,3.8713497029605306,0.4173360184409806
P6,Oscillation,22.58380141468474,9.529983926491346,1.2128990670918773,0.16623336752517337
P7,Extension,43.787996942087275,27.91301290766952,18.76662735701711,10.4858769231522
P7,Flexion,47.16073078111654,28.52876581450533,19.595604720100532,11.626439676060052
P7,Oscillation,43.33531137890773,27.575727923268317,18.736331466458807,10.380452062718751
P8,Extension,65.68699399714633,47.28332079366257,35.6376590697359,28.057078419758547
P8,Flexion,65.2487188564362,47.83009389738034,35.84730467406852,28.39618051661825
P8,Oscillation,65.19093499936227,48.98689893223742,35.912676563351326,28.299066899663877
P9,Extension,21.45847642179479,4.624343440052819,0.7808211003074337,0.17402888331737731
P9,Flexion,28.852477870158292,11.543280409129142,2.4088119155038306,0.7997354293661355
P9,Oscillation,20.16362073926443,0.6765299367047157,0.0,0.0
P10,Extension,9.161071112036328,4.697466587059208,0.643805284701587,0.006932985555096754
P10,Flexion,13.926966054502639,6.672748764888019,2.778318689461592,0.31158903185262526
P10,Oscillation,6.9366531803973706,4.508272806668508,0.5872183166527618,0.0
P11,Extension,8.807301941086347,2.8253555343928984,0.0,0.0
P11,Flexion,11.791711365730057,5.616167829662548,0.48520417521134585,0.03217367390050086
P11,Oscillation,8.797002145635233,2.8329853002757557,0.0,0.0
P12,Extension,35.44269782204749,18.45256233778232,8.731815078734698,3.753981261271031
P12,Flexion,35.63946609252153,18.48718998933988,8.995277568096835,3.6742697396406165
P12,Oscillation,34.84422215518757,17.925392950721722,8.430121096973751,3.5969904567194324
